性别,最高学历,大学类型,标准化借款类型,担保,项目金额,收益,周期_月,月还本息,总还款本息,借款描述字数,累积借款金额,累积还款金额,累积逾期金额,累积已还次数,累积逾期次数,累积逾借金额比,累积逾期次数比,安全标
男,本科,其他,旅游,是,1000,59.12,6,176.52,1059.119,9,5000,5218.82,0,23,0,0,0,1
男,本科,其他,学习进修,是,1000,77.18,6,179.53,1077.18,6,9200,10783.86,0,57,0,0,0,1
男,本科,重点高校,担保交易,否,174.51,1,6,1,1,0,0,0,0,0,0,0,0,1
男,本科,其他,学习进修,否,3000,141.54,6,523.59,3141.54,18,3000,3141.52,0,6,0,0,0,1
男,本科,其他,生活开销,否,1500,60.55,5,312.11,1560.55,4,4500,4908.31,0,17,0,0,0,1
男,本科,其他,购物,是,1000,47.18,6,174.53,1047.18,18,0,0,0,0,0,0,0,1
女,本科,其他,学习进修,否,500,29.56,6,88.26,529.5599,4,5500,6015.83,0,22,0,0,0,1
女,本科,其他,购物,是,1000,65.12,6,177.52,1065.119,24,7000,7607.49,2432.33,18,3,0.2578716,0.14285715,0
男,本科,其他,生活开销,是,1000,63.35,5,212.67,1063.349,8,15900,16590.31,0,194,0,0,0,1
男,本科,其他,旅游,否,1000,42,4,260.5,1042,12,1500,1570.77,0,6,0,0,0,1
女,本科,其他,学习进修,否,100,4.7,6,17.45,104.7,24,2900,4493.36,0,123,0,0,0,1
女,本科,其他,学习进修,否,100,4.7,6,17.45,104.7,17,3600,5330.62,0,141,0,0,0,1
女,本科,其他,生活开销,否,600,25.2,4,156.3,625.2,26,4000,5800.53,0,153,0,0,0,1
男,本科,其他,生活开销,是,400,30.86,6,71.81,430.86,7,5000,5756.56,0,21,0,0,0,1
男,本科,其他,旅游,是,1000,77.18,6,179.53,1077.18,15,9000,10836.09,0,40,0,0,0,1
男,本科,其他,付房租,否,500,13.39,3,171.13,513.39,22,1500,1540.17,0,6,0,0,0,1
女,硕士研究生,其他,社交娱乐,否,400,6.67,1,406.67,406.67,12,9441.17,9753.69,0,57,0,0,0,1
女,硕士研究生,其他,社交娱乐,否,830,49.06,6,146.51,879.06,40,14321.17,14771.79,0,72,0,0,0,1
女,本科,其他,学习进修,是,500,38.6199,6,89.77,538.62,4,1850,2405.24,0,18,0,0,0,1
女,本科,其他,其他,否,800,26.84,4,206.71,826.84,24,0,0,0,0,0,0,0,1
男,本科,其他,生活开销,是,300,9.77999,2,154.8899,309.7799,4,3000,3126.36,0,13,0,0,0,1
男,本科,其他,生活开销,否,400,13.44,4,103.36,413.44,11,3995.05,4162.36,0,31,0,0,0,1
男,本科,其他,担保交易,否,373.96,1,6,1,1,0,1034.6,1083.45,0,18,0,0,0,1
女,null,其他,担保交易,否,132.65,1.33,1,133.9799,133.9799,0,157.24,159.6,0,2,0,0,0,1
男,专科,其他,生活开销,否,100,7.7,6,17.95,107.7,24,3400,3756.2,0,204,0,0,0,1
女,本科,其他,其他,是,1000,77.18,6,179.53,1077.18,0,11000,14139.57,0,90,0,0,0,1
男,专科,其他,购物,是,1000,77.18,6,179.53,1077.18,51,13400,14265.07,0,58,0,0,0,1
男,本科,其他,购物,是,500,38.6199,6,89.77,538.62,7,5311.28,5743.77,0,38,0,0,0,1
男,本科,其他,生活开销,是,600,32.84,4,158.21,632.84,19,7000,7455.41,0,43,0,0,0,1
男,专科,重点高校,学习进修,否,500,38.6199,6,89.77,538.62,2,4000,4431.57,0,18,0,0,0,1
男,本科,其他,其他,是,240,6.02,2,123.01,246.02,0,2493.17,2630.04,0,13,0,0,0,1
女,专科,其他,创业,是,1000,77.18,6,179.53,1077.18,4,11700,12456.67,0,90,0,0,0,1
男,本科,重点高校,生活开销,是,300,13.08,3,104.36,313.08,11,579,601.9,0,8,0,0,0,1
女,专科,其他,担保交易,否,412.3,1,6,1,1,0,450.42,450.42,0,6,0,0,0,1
女,专科,其他,担保交易,否,115.56,5.46,6,20.17,121.02,0,2164.64,2188.95,0,36,0,0,0,1
男,本科,其他,购物,是,1000,77.18,6,179.53,1077.18,5,0,0,0,0,0,0,0,1
男,专科,其他,其他,否,300,14.16,6,52.36,314.16,37,1820.65,1937.28,0,30,0,0,0,1
女,本科,其他,学习进修,否,220,10.4,6,38.4,230.4,4,3600,3789.13,0,66,0,0,0,1
男,专科,其他,生活开销,否,300,12.1,5,62.42,312.1,44,0,0,0,0,0,0,0,1
女,专科,其他,其他,否,200,9.46,6,34.90999,209.46,24,2800,2908.98,0,14,0,0,0,1
男,专科,重点高校,担保交易,否,71.87,3.37,6,12.54,75.23999,0,2928.13,3038.57,0,14,0,0,0,1
男,专科,重点高校,学习进修,否,1000,33.53,3,344.51,1033.53,12,12400,13132.12,0,41,0,0,0,1
男,本科,其他,购物,是,800,61.78,6,143.63,861.78,5,2394.79,2394.78,0,6,0,0,0,1
女,本科,其他,购物,否,700,54.02,6,125.67,754.02,9,8291.86,8691.03,0,40,0,0,0,1
男,本科,其他,付房租,否,1500,88.68,6,264.7799,1588.68,22,536.88,551.04,0,11,0,0,0,1
女,本科,其他,其他,否,500,23.62,6,87.27,523.62,37,0,0,0,0,0,0,0,1
男,本科,其他,学习进修,是,1000,77.18,6,179.53,1077.18,2,23397.11,24374.09,0,92,0,0,0,1
男,专科,其他,学习进修,否,500,16.76,4,129.19,516.76,29,1500,1530.09,0,6,0,0,0,1
男,本科,其他,担保交易,否,229.17,10.83,6,40,240,0,133.33,293.82,0,6,0,0,0,1
女,本科,其他,生活开销,是,200,13.6,6,35.6,213.6,4,9800,13021.55,0,88,0,0,0,1
女,本科,其他,其他,是,134.14,9.14,6,23.88,143.28,0,14926.79,19764.4,0,166,0,0,0,1
男,本科,其他,生活开销,否,1000,54.76,4,263.69,1054.76,6,4008.38,4242.22,810.18,11,2,0.16813737,0.15384616,0
男,硕士研究生,重点高校,购物,否,500,23.62,6,87.27,523.62,48,600,797.15,0,6,0,0,0,1
男,本科,其他,付房租,否,1000,77.18,6,179.53,1077.18,20,3408.1,3576.37,0,15,0,0,0,1
男,专科,其他,担保交易,否,2294.79,80.97,6,395.96,2375.76,0,0,0,0,0,0,0,0,1
男,专科,其他,付房租,否,1000,65.95,5,213.19,1065.95,76,14000,14791.66,0,55,0,0,0,1
男,专科,其他,创业,否,1000,25.06,2,512.53,1025.06,2,4000,4164.85,0,14,0,0,0,1
男,本科,重点高校,购物,否,150,3.25,1,153.25,153.25,42,4150,4318.04,0,22,0,0,0,1
男,本科,其他,旅游,否,900,49.28,4,237.32,949.28,4,5801.89,7034.16,0,25,0,0,0,1
男,本科,其他,其他,否,100,4.7,6,17.45,104.7,24,700,1192.84,0,42,0,0,0,1
男,专科,其他,担保交易,否,1779.96,84,6,310.66,1863.96,0,0,0,0,0,0,0,0,1
男,专科,其他,其他,否,300,6.02,2,153.01,306.02,24,3700,3851.43,0,17,0,0,0,1
男,专科,其他,付房租,否,300,8.03999,3,102.68,308.04,24,0,0,0,0,0,0,0,1
女,本科,其他,购物,否,500,10.83,1,510.83,510.83,7,9000,9445.64,0,58,0,0,0,1
男,专科,其他,购物,是,1000,59.12,6,176.52,1059.119,8,2000,2102.96,0,17,0,0,0,1
男,本科,其他,购物,是,1000,25.06,2,512.53,1025.06,3,456.84,492.12,0,6,0,0,0,1
男,本科,其他,旅游,否,1000,59.12,6,176.52,1059.119,9,12000,12438.87,0,42,0,0,0,1
男,本科,重点高校,其他,否,600,16.0799,3,205.36,616.08,24,2336.73,2412.95,0,67,0,0,0,1
男,专科,其他,创业,否,500,23.62,6,87.27,523.62,24,500,799.8,0,6,0,0,0,1
女,本科,重点高校,学习进修,是,1000,77.18,6,179.53,1077.18,29,14933.57,17466.66,0,45,0,0,0,1
女,本科,其他,生活开销,否,200,4,2,102,204,10,4100,4584.58,0,19,0,0,0,1
女,本科,其他,担保交易,否,117.96,5.58,6,20.59,123.54,0,0,0,0,0,0,0,0,1
男,本科,其他,其他,否,320,6.42,2,163.21,326.42,49,0,0,0,0,0,0,0,1
男,本科,其他,担保交易,否,488.54,23.08,6,85.27,511.62,0,0,0,0,0,0,0,0,1
男,本科,重点高校,购物,否,650,38.44,6,114.74,688.44,38,900,930.2,0,8,0,0,0,1
女,专科,其他,生活开销,否,500,25.3,5,105.06,525.2999,11,3400,3665.9,0,46,0,0,0,1
女,本科,其他,担保交易,否,382.29,18.03,6,66.72,400.32,0,1830.23,2074.81,0,36,0,0,0,1
男,本科,其他,学习进修,否,2400,64.29,3,821.43,2464.29,24,162.04,164.47,0,2,0,0,0,1
男,本科,其他,购物,否,1000,33.56,4,258.39,1033.56,27,0,0,0,0,0,0,0,1
男,本科,其他,学习进修,是,1000,54.76,4,263.69,1054.76,4,2000,2109.9,0,7,0,0,0,1
男,本科,其他,生活开销,否,1000,65.95,5,213.19,1065.95,26,7000,7487.81,0,28,0,0,0,1
男,本科,其他,购物,是,1000,21.67,1,1021.67,1021.67,14,41080,45955.53,0,170,0,0,0,1
男,本科,重点高校,付房租,是,800,61.78,6,143.63,861.78,4,8300,9031,0,67,0,0,0,1
男,专科,其他,购物,否,1000,59.12,6,176.52,1059.119,18,3562.45,3742.79,0,66,0,0,0,1
女,本科,其他,其他,否,1000,59.12,6,176.52,1059.119,9,3694.96,3878.32,0,30,0,0,0,1
女,本科,其他,购物,是,1750,103.46,6,308.91,1853.46,0,14194.96,14989.65,0,85,0,0,0,1
男,专科,其他,其他,否,3000,60.14,2,1530.07,3060.14,35,0,0,0,0,0,0,0,1
男,本科,其他,其他,是,1563.83,92.47,6,276.05,1656.3,0,1976.02,2091.61,0,39,0,0,0,1
男,本科,其他,担保交易,否,1275.21,37.39,4,328.15,1312.6,0,0,0,0,0,0,0,0,1
女,本科,其他,购物,是,440,11.04,2,225.52,451.04,11,7049.87,7420.6,0,35,0,0,0,1
女,专科,其他,旅游,否,500,16.75,3,172.25,516.75,5,4500,4632.48,0,24,0,0,0,1
女,专科,其他,学习进修,否,500,16.75,3,172.25,516.75,9,7500,7737.29,0,46,0,0,0,1
男,本科,其他,旅游,是,1000,77.18,6,179.53,1077.18,65,3000,0,10133.79,0,18,0.77158153,1,0
男,专科,其他,学习进修,否,1000,77.18,6,179.53,1077.18,2,0,0,0,0,0,0,0,1
男,本科,重点高校,生活开销,否,500,12.54,2,256.27,512.54,2,1625.73,1668.2,0,19,0,0,0,1
男,本科,重点高校,生活开销,是,300,9.77999,2,154.8899,309.7799,3,4797.47,4998.6,0,57,0,0,0,1
男,本科,重点高校,创业,是,1000,43.64,3,347.88,1043.64,1,14997.47,15787.18,0,148,0,0,0,1
男,本科,其他,购物,是,1000,59.12,6,176.52,1059.119,5,3999.15,4690.44,0,24,0,0,0,1
男,本科,其他,其他,是,872.63,67.33,6,156.66,939.96,0,11431.79,13792.69,0,45,0,0,0,1
男,专科,其他,担保交易,否,267.21,12.63,6,46.64,279.8399,0,0,0,0,0,0,0,0,1
男,本科,其他,购物,否,1000,26.78,3,342.26,1026.78,64,0,0,0,0,0,0,0,1
男,本科,其他,生活开销,是,1000,77.18,6,179.53,1077.18,22,3000,3517.24,0,18,0,0,0,1
男,专科,其他,购物,否,500,21.82,3,173.94,521.82,6,10758.48,11197.6,0,73,0,0,0,1
男,专科,其他,其他,否,158.95,6.95,3,55.3,165.9,0,13333.85,13870.59,0,84,0,0,0,1
男,本科,其他,旅游,否,1000,42,4,260.5,1042,7,2000,2141.06,0,8,0,0,0,1
女,专科,其他,学习进修,否,500,23.62,6,87.27,523.62,4,2100,2442.78,0,24,0,0,0,1
男,本科,其他,购物,是,1000,77.18,6,179.53,1077.18,4,1542.83,1624.47,0,18,0,0,0,1
男,本科,其他,其他,否,1000,26.78,3,342.26,1026.78,28,0,0,0,0,0,0,0,1
男,本科,重点高校,旅游,是,1000,43.64,3,347.88,1043.64,5,5912.31,6673.59,0,18,0,0,0,1
男,本科,其他,其他,否,500,13.39,3,171.13,513.39,46,2100,2841.44,0,13,0,0,0,1
男,本科,其他,购物,是,1000,65.95,5,213.19,1065.95,4,16000,14185.8,6519.21,76,16,0.2894955,0.17391305,0
男,本科,其他,生活开销,是,350,27.04,6,62.84,377.04,26,0,0,0,0,0,0,0,1
男,专科,其他,旅游,否,1000,13.33,1,1013.33,1013.33,38,3950,4002.68,0,9,0,0,0,1
男,专科,其他,其他,否,450,21.24,6,78.54,471.24,40,2416.67,2800.84,0,10,0,0,0,1
男,本科,其他,学习进修,是,700,15.17,1,715.17,715.17,8,4350,4593.94,0,42,0,0,0,1
男,本科,其他,生活开销,是,1000,77.18,6,179.53,1077.18,8,3000,3137.42,0,16,0,0,0,1
男,专科,重点高校,其他,否,200,8.4,4,52.1,208.4,2,3166.67,3272.47,0,23,0,0,0,1
女,专科,其他,学习进修,否,300,4,1,304,304,5,600,854.77,0,2,0,0,0,1
男,本科,其他,购物,是,120,3.3,2,61.65,123.3,2,4679.91,4900.3,0,41,0,0,0,1
男,本科,其他,其他,否,1000,26.78,3,342.26,1026.78,59,1200,1551.78,0,5,0,0,0,1
男,本科,其他,创业,是,1000,77.18,6,179.53,1077.18,45,5400,7472.81,0,30,0,0,0,0
男,本科,其他,创业,是,1000,77.18,6,179.53,1077.18,22,5000,5813.38,0,30,0,0,0,1
男,本科,其他,创业,是,1000,77.18,6,179.53,1077.18,2,11000,13765.98,0,66,0,0,0,1
男,专科,其他,生活开销,否,600,44.52,6,107.42,644.52,19,4000,5210.65,0,31,0,0,0,1
女,专科,其他,学习进修,否,2000,94.36,6,349.06,2094.36,10,0,0,0,0,0,0,0,1
男,专科,其他,学习进修,否,1000,16.67,1,1016.67,1016.67,28,4000,4097.03,0,4,0,0,0,1
男,专科,其他,旅游,是,1000,77.18,6,179.53,1077.18,13,8294.35,9050.03,0,43,0,0,0,1
女,专科,其他,其他,否,329.99,15.55,6,57.59,345.54,24,2670.01,3051.92,0,12,0,0,0,1
女,本科,其他,旅游,否,800,47.32,6,141.22,847.32,2,6100,6365.96,0,41,0,0,0,1
女,本科,其他,学习进修,是,1000,77.18,6,179.53,1077.18,5,11400,11992.43,0,89,0,0,0,1
男,本科,其他,生活开销,否,200,9.46,6,34.90999,209.46,2,1220,1255.98,0,11,0,0,0,1
男,本科,其他,学习进修,否,200,3.33,1,203.33,203.33,4,4050,4217.71,0,38,0,0,0,1
男,本科,其他,旅游,是,1000,77.18,6,179.53,1077.18,24,3153.97,3756.89,2442.63,20,4,0.4364489,0.16666667,0
男,专科,其他,生活开销,是,500,35.56,6,89.26,535.5599,6,14374.3,15115.9,0,94,0,0,0,1
男,专科,其他,购物,是,500,35.56,6,89.26,535.5599,6,14874.3,15651.46,0,100,0,0,0,1
女,本科,重点高校,旅游,否,250,11.78,6,43.63,261.7799,37,0,0,0,0,0,0,0,1
男,专科,其他,生活开销,否,200,6.7,3,68.9,206.7,3,2259.38,2365.98,0,12,0,0,0,1
男,本科,其他,学习进修,否,1000,47.18,6,174.53,1047.18,14,500,513.39,0,3,0,0,0,1
女,专科,其他,旅游,是,660,50.94,6,118.49,710.94,12,4764.42,5099.17,0,57,0,0,0,1
女,专科,其他,旅游,是,1000,77.18,6,179.53,1077.18,11,7524.42,8072.35,0,81,0,0,0,1
男,本科,其他,购物,否,1000,21.67,1,1021.67,1021.67,16,5899.17,6727.36,0,30,0,0,0,1
男,本科,其他,创业,是,400,30.86,6,71.81,430.86,7,8236.46,8738.96,0,48,0,0,0,1
男,专科,其他,学习进修,否,100,2.69,3,34.22999,102.69,2,830,1023.97,0,6,0,0,0,1
男,专科,其他,担保交易,否,182.29,8.63,6,31.82,190.92,0,0,0,0,0,0,0,0,1
男,本科,其他,创业,否,1500,30.06,2,765.03,1530.06,54,0,0,0,0,0,0,0,1
男,本科,其他,购物,是,1000,77.18,6,179.53,1077.18,6,7500,7684.87,2194.04,54,7,0.22632876,0.114754096,0
男,本科,其他,其他,是,3695.68,285.26,6,663.49,3980.94,0,7000,7370.37,0,33,0,0,0,1
男,本科,重点高校,旅游,否,800,26.84,4,206.71,826.84,17,1500,1621.1,0,9,0,0,0,1
男,本科,其他,其他,否,2000,67.12,4,516.78,2067.12,61,0,0,0,0,0,0,0,1
女,本科,其他,担保交易,否,595,28.1,6,103.85,623.1,0,1144.09,1249.8,0,14,0,0,0,1
女,本科,重点高校,购物,否,200,8.38,3,69.45999,208.38,12,7000,7408.89,0,31,0,0,0,1
男,专科,其他,创业,否,1600,42.86,3,547.62,1642.86,2,1100,1122.75,0,4,0,0,0,1
男,本科,其他,创业,否,800,47.32,6,141.22,847.32,7,3100,3347.15,0,16,0,0,0,1
男,本科,其他,购物,否,500,8.33,1,508.33,508.33,16,11779.21,12231.78,0,81,0,0,0,1
男,专科,其他,旅游,是,1000,77.18,6,179.53,1077.18,4,2000,718.16,3569.48,4,8,0.6409001,0.6666667,0
男,本科,其他,担保交易,否,976.53,57.75,6,172.38,1034.28,0,2060.41,2192.38,0,12,0,0,0,1
男,专科,其他,生活开销,否,300,5,1,305,305,5,2300,2408.52,0,12,0,0,0,1
男,专科,其他,担保交易,否,396.16,5.96,2,201.06,402.12,0,783.09,801.44,0,3,0,0,0,1
男,专科,其他,创业,否,500,23.62,6,87.27,523.62,7,1500,1983.29,0,9,0,0,0,1
男,专科,其他,其他,否,1200,56.64,6,209.44,1256.64,58,0,0,0,0,0,0,0,1
男,本科,其他,旅游,是,500,29.56,6,88.26,529.5599,4,8197.17,8673.01,0,92,0,0,0,1
男,本科,其他,其他,否,2000,53.56,3,684.52,2053.56,24,1000,0,1238.4,0,3,0.55325234,0.99999994,0
男,专科,其他,购物,是,1000,21.67,1,1021.67,1021.67,3,4996.67,5384.99,0,17,0,0,0,0
男,本科,其他,学习进修,是,1000,77.18,6,179.53,1077.18,6,300,414.77,0,6,0,0,0,0
女,本科,其他,其他,否,1500,70.8,6,261.8,1570.8,117,0,0,0,0,0,0,0,1
男,专科,其他,其他,否,304.21,13.28,3,105.83,317.49,0,14193.68,15454.87,0,44,0,0,0,1
男,本科,其他,生活开销,是,1000,77.18,6,179.53,1077.18,6,9200,9700.76,0,45,0,0,0,1
男,本科,其他,购物,是,1000,77.18,6,179.53,1077.18,12,10200,10778.19,0,51,0,0,0,1
男,专科,其他,生活开销,否,1500,70.8,6,261.8,1570.8,2,0,0,0,0,0,0,0,1
男,本科,其他,其他,是,368.42,27.34,6,65.95999,395.76,0,10590.42,11561.62,0,61,0,0,0,1
男,专科,其他,学习进修,否,1500,70.8,6,261.8,1570.8,48,200,205.35,0,3,0,0,0,1
女,专科,其他,学习进修,否,1000,20.04,2,510.02,1020.04,15,1000,1100.64,0,2,0,0,0,1
男,专科,其他,担保交易,否,1734.92,81.88,6,302.8,1816.8,0,0,0,0,0,0,0,0,1
男,本科,其他,担保交易,否,2072.92,97.82,6,361.79,2170.739,0,0,0,0,0,0,0,0,1
男,本科,其他,生活开销,否,1000,41.96,3,347.32,1041.96,18,5992.92,6243.51,0,20,0,0,0,1
男,本科,其他,创业,否,1000,21.67,1,1021.67,1021.67,11,12992.92,13503.4,0,37,0,0,0,1
男,本科,其他,创业,否,1000,21.67,1,1021.67,1021.67,16,17992.92,18613.89,0,42,0,0,0,1
男,本科,重点高校,其他,否,1864.95,54.69,4,479.91,1919.64,0,1036.08,1330.48,0,4,0,0,0,1
男,专科,其他,学习进修,否,1000,54.76,4,263.69,1054.76,13,1500,1620.97,0,3,0,0,0,1
男,专科,其他,购物,是,1000,77.18,6,179.53,1077.18,2,1270,1354.6,0,9,0,0,0,0
男,专科,其他,购物,否,100,2.08,1,102.08,102.08,3,1750,1809.4,0,15,0,0,0,1
男,专科,其他,担保交易,否,192.97,9.11,6,33.68,202.08,0,0,0,0,0,0,0,0,1
男,本科,其他,生活开销,是,1000,26.78,3,342.26,1026.78,2,4000,4461.83,0,6,0,0,0,1
男,专科,其他,学习进修,否,3000,100.68,4,775.17,3100.68,1,0,0,0,0,0,0,0,1
女,本科,其他,生活开销,是,999,18.3099,1,1017.31,1017.31,16,1000,1044.12,0,4,0,0,0,1
男,专科,其他,担保交易,否,2979.17,105.08,5,616.85,3084.25,0,0,0,0,0,0,0,0,1
男,本科,其他,购物,是,1000,32.6199,2,516.3099,1032.619,8,2816.67,3426.57,0,6,0,0,0,1
男,专科,其他,担保交易,否,204.08,2.04,1,206.12,206.12,0,0,0,0,0,0,0,0,1
男,本科,其他,其他,否,2511.49,118.49,6,438.33,2629.98,0,0,0,0,0,0,0,0,0
男,专科,其他,购物,否,1000,21.67,1,1021.67,1021.67,16,9400,10035.46,0,22,0,0,0,1
男,本科,其他,创业,是,1000,77.18,6,179.53,1077.18,22,2000,2320.22,0,12,0,0,0,1
男,本科,其他,学习进修,否,1000,59.12,6,176.52,1059.119,37,0,0,0,0,0,0,0,1
男,专科,其他,生活开销,否,500,21,4,130.25,521,15,3500,3660.52,0,8,0,0,0,1
男,专科,其他,担保交易,否,3000,88,4,772,3088,0,0,0,0,0,0,0,0,0
男,专科,其他,学习进修,否,900,53.22,6,158.87,953.22,5,2200,2319.3,0,24,0,0,0,1
男,本科,重点高校,生活开销,是,1000,59.12,6,176.52,1059.119,3,7300,7713.07,0,49,0,0,0,1
男,本科,其他,学习进修,否,1000,26.78,3,342.26,1026.78,4,0,0,0,0,0,0,0,1
男,本科,其他,创业,是,1000,21.67,1,1021.67,1021.67,6,6000,8540.86,0,31,0,0,0,1
男,本科,其他,创业,是,1000,77.18,6,179.53,1077.18,4,13886.6,15597.95,0,62,0,0,0,1
女,本科,其他,购物,是,1000,68.12,6,178.02,1068.119,10,9400,10161.7,0,46,0,0,0,1
男,本科,其他,购物,是,1000,74.18,6,179.03,1074.18,141,600,644.52,0,6,0,0,0,1
男,本科,其他,购物,是,1000,77.18,6,179.53,1077.18,2,10000,10718.24,0,66,0,0,0,1
女,本科,其他,其他,是,1051.58,63.92,5,223.1,1115.5,0,4893.68,5192.28,0,29,0,0,0,1
女,本科,其他,其他,是,1051.58,81.16,6,188.79,1132.74,0,5945.26,6358.66,0,34,0,0,0,1
男,本科,其他,购物,是,473,29.38,6,83.73,502.38,21,5526.32,5767.97,0,28,0,0,0,1
男,本科,其他,生活开销,否,500,12.54,2,256.27,512.54,37,0,0,0,0,0,0,0,1
男,本科,其他,旅游,是,1000,77.18,6,179.53,1077.18,11,1900,2053.15,0,14,0,0,0,1
男,本科,其他,购物,是,400,23.66,6,70.61,423.66,2,6500,6937.77,0,45,0,0,0,1
男,本科,其他,学习进修,否,1000,42,4,260.5,1042,2,2000,3391.18,0,16,0,0,0,1
女,本科,其他,其他,是,830.53,51.59,6,147.02,882.12,0,4100,4315.75,0,19,0,0,0,1
男,本科,其他,购物,是,1000,77.18,6,179.53,1077.18,2,11942,12693.06,0,78,0,0,0,1
男,本科,其他,学习进修,否,1000,77.18,6,179.53,1077.18,32,1000,1187.13,0,6,0,0,0,1
女,本科,其他,创业,否,1000,25.06,2,512.53,1025.06,3,0,0,0,0,0,0,0,1
男,本科,其他,购物,是,1000,77.18,6,179.53,1077.18,4,7200,7654.5,0,45,0,0,0,1
男,专科,其他,生活开销,否,700,22.84,2,361.42,722.84,4,6300,3756.8,5641.9,9,8,0.47244576,0.47058824,0
男,本科,其他,学习进修,是,1000,77.18,6,179.53,1077.18,4,3000,3141.77,0,6,0,0,0,1
男,专科,重点高校,付房租,是,1000,77.18,6,179.53,1077.18,3,7367.37,10175.32,0,44,0,0,0,0
男,本科,其他,学习进修,是,1000,77.18,6,179.53,1077.18,68,1000,1059.12,0,6,0,0,0,1
男,本科,其他,担保交易,是,2442.12,188.52,6,438.44,2630.64,0,500,529.56,0,6,0,0,0,1
男,本科,其他,担保交易,是,222.63,17.19,6,39.97,239.82,0,5919.48,6326.17,0,72,0,0,0,1
男,本科,其他,旅游,是,500,29.56,6,88.26,529.5599,8,4800,5032.53,0,30,0,0,0,1
男,本科,其他,购物,是,500,27.36,4,131.84,527.36,4,0,0,0,0,0,0,0,1
男,本科,其他,学习进修,否,1000,77.18,6,179.53,1077.18,25,630,678.66,0,12,0,0,0,1
男,本科,其他,生活开销,否,300,23.16,6,53.86,323.16,20,2700,2908.5,0,36,0,0,0,1
男,本科,其他,其他,是,1604.95,123.89,6,288.14,1728.84,0,4675.67,4946.22,0,46,0,0,0,1
男,本科,其他,学习进修,否,1000,59.12,6,176.52,1059.119,17,0,0,0,0,0,0,0,1
男,本科,其他,学习进修,否,1000,77.18,6,179.53,1077.18,22,0,0,0,0,0,0,0,1
男,本科,其他,创业,否,1000,59.12,6,176.52,1059.119,33,0,0,0,0,0,0,0,1
男,本科,其他,担保交易,否,382.11,22.59,6,67.45,404.7,0,1800,2012.31,0,12,0,0,0,1
男,本科,其他,学习进修,否,1000,50.55,5,210.11,1050.55,113,3000,3177.51,0,18,0,0,0,1
男,本科,其他,生活开销,是,1000,77.18,6,179.53,1077.18,29,5396.81,7007.16,0,31,0,0,0,1
男,本科,其他,生活开销,否,1000,59.12,6,176.52,1059.119,2,1000,1059.31,0,6,0,0,0,1
女,本科,其他,购物,是,400,30.86,6,71.81,430.86,7,2597.89,2751.51,0,24,0,0,0,1
男,本科,其他,购物,否,1000,16.67,1,1016.67,1016.67,7,6400,6735.75,0,26,0,0,0,1
男,本科,其他,创业,是,1000,77.18,6,179.53,1077.18,9,6000,6989.92,0,36,0,0,0,1
男,专科,其他,学习进修,否,300,9.77999,2,154.8899,309.7799,53,0,0,0,0,0,0,0,1
男,本科,其他,创业,是,1000,43.64,3,347.88,1043.64,13,1000,1032.15,0,5,0,0,0,1
男,本科,其他,购物,是,1000,77.18,6,179.53,1077.18,16,1000,1179.56,0,6,0,0,0,1
男,专科,其他,学习进修,是,700,41.42,6,123.57,741.42,68,4000,4767.34,0,24,0,0,0,0
男,本科,其他,学习进修,否,1000,59.12,6,176.52,1059.119,188,0,0,0,0,0,0,0,1
女,专科,其他,创业,否,1000,59.12,6,176.52,1059.119,11,1000,1059.12,0,6,0,0,0,1
男,本科,其他,购物,否,1000,43.64,3,347.88,1043.64,13,0,0,0,0,0,0,0,1
女,本科,其他,担保交易,是,468.42,36.18,6,84.1,504.6,0,4865.19,4989.31,3600.87,46,9,0.42533007,0.16363636,0
女,本科,其他,购物,是,500,38.6199,6,89.77,538.62,26,7000,7574.85,0,41,0,0,0,1
男,本科,其他,学习进修,否,1000,77.18,6,179.53,1077.18,19,7000,7755.22,0,33,0,0,0,1
男,本科,其他,生活开销,是,1000,77.18,6,179.53,1077.18,8,1000,1077.18,0,6,0,0,0,1
男,专科,其他,学习进修,是,1000,77.18,6,179.53,1077.18,13,1000,1543.45,0,6,0,0,0,1
女,本科,其他,生活开销,是,1000,59.12,6,176.52,1059.119,9,4000,4650.63,0,24,0,0,0,1
男,本科,其他,旅游,是,1000,68.12,6,178.02,1068.119,21,1500,1606.74,0,12,0,0,0,1
男,本科,其他,学习进修,是,1000,65.95,5,213.19,1065.95,24,3000,1682.68,3533.46,6,9,0.54082525,0.6,0
男,本科,重点高校,购物,是,1000,59.12,6,176.52,1059.119,189,0,0,0,0,0,0,0,1
男,本科,其他,创业,是,1000,77.18,6,179.53,1077.18,7,8618.95,9393.98,0,67,0,0,0,1
男,本科,重点高校,生活开销,是,500,38.6199,6,89.77,538.62,3,1500,1672.98,0,12,0,0,0,1
男,本科,其他,生活开销,是,1000,25.06,2,512.53,1025.06,73,3400,3645,0,24,0,0,0,1
男,硕士研究生,其他,生活开销,是,1000,59.12,6,176.52,1059.119,13,4420,4722.54,0,12,0,0,0,1
男,专科,其他,旅游,是,1000,77.18,6,179.53,1077.18,14,9000,10347.23,0,66,0,0,0,1
男,本科,重点高校,旅游,是,1000,77.18,6,179.53,1077.18,6,4000,4308.72,0,24,0,0,0,1
女,本科,其他,学习进修,是,1000,77.18,6,179.53,1077.18,55,5000,6526.84,0,30,0,0,0,1
男,本科,其他,生活开销,是,1000,77.18,6,179.53,1077.18,39,3000,3186.98,0,14,0,0,0,1
男,本科,其他,旅游,是,1000,74.18,6,179.03,1074.18,5,1000,1074.18,0,6,0,0,0,1
男,本科,其他,旅游,是,1000,74.18,6,179.03,1074.18,5,2000,2148.36,0,12,0,0,0,1
男,专科,其他,购物,是,1000,59.12,6,176.52,1059.119,22,4000,4290.81,0,24,0,0,0,1
男,本科,重点高校,其他,是,262.11,20.25,6,47.06,282.36,0,6483.69,7087.15,0,48,0,0,0,1
男,本科,其他,购物,否,200,15.46,6,35.90999,215.46,12,2000,2308.48,0,12,0,0,0,1
男,本科,其他,购物,是,400,30.86,6,71.81,430.86,29,0,0,0,0,0,0,0,1
男,本科,其他,学习进修,是,1000,74.18,6,179.03,1074.18,63,2000,2148.3,0,12,0,0,0,1
男,本科,其他,购物,是,1000,77.18,6,179.53,1077.18,23,2000,2154.36,0,12,0,0,0,1
男,本科,其他,旅游,是,400,30.86,6,71.81,430.86,2,7800,8514.51,0,43,0,0,0,1
男,本科,其他,旅游,是,1000,77.18,6,179.53,1077.18,16,9600,12821.61,0,66,0,0,0,1
女,博士研究生,重点高校,担保交易,是,1052.63,62.23,6,185.81,1114.859,0,443.16,469.4,0,12,0,0,0,1
女,博士研究生,重点高校,担保交易,是,115.79,6.85,6,20.44,122.64,0,8790.96,9310.9,0,72,0,0,0,1
男,本科,其他,付房租,是,1000,59.12,6,176.52,1059.119,84,4000,4255.15,0,24,0,0,0,1
女,本科,其他,学习进修,是,1000,77.18,6,179.53,1077.18,44,0,0,0,0,0,0,0,1
男,本科,其他,购物,是,1000,77.18,6,179.53,1077.18,1,12755.79,14036.28,0,89,0,0,0,1
男,专科,其他,购物,是,1000,77.18,6,179.53,1077.18,13,5000,5904.01,0,30,0,0,0,1
女,专科,重点高校,旅游,是,1000,77.18,6,179.53,1077.18,11,11748.42,12632.06,0,90,0,0,0,1
男,本科,其他,生活开销,是,1000,59.12,6,176.52,1059.119,14,3000,3195.36,0,18,0,0,0,1
男,专科,其他,购物,是,1000,59.12,6,176.52,1059.119,26,2000,2939.45,0,12,0,0,0,1
男,本科,其他,学习进修,是,1000,77.18,6,179.53,1077.18,15,5900,7226.55,2185.7,38,4,0.27031672,0.0952381,0
男,本科,其他,购物,是,1000,77.18,6,179.53,1077.18,115,1000,1074.24,0,6,0,0,0,1
男,本科,其他,购物,是,1000,77.18,6,179.53,1077.18,11,10400,11163.42,0,79,0,0,0,1
男,本科,其他,学习进修,否,800,34.9,3,278.3,834.9,8,996.84,1156.77,0,14,0,0,0,1
女,本科,其他,购物,是,1000,77.18,6,179.53,1077.18,4,1500,1615.8,0,12,0,0,0,1
男,本科,重点高校,社交娱乐,是,500,29.56,6,88.26,529.5599,3,6750,7167.83,0,86,0,0,0,1
男,本科,其他,购物,是,1000,77.18,6,179.53,1077.18,2,0,0,0,0,0,0,0,1
男,本科,其他,购物,是,1000,77.18,6,179.53,1077.18,2,1000,1077.18,0,6,0,0,0,1
男,专科,其他,生活开销,是,500,29.56,6,88.26,529.5599,9,2000,1510.35,3459.55,7,5,0.63366944,0.41666666,0
男,本科,其他,旅游,否,1000,77.18,6,179.53,1077.18,19,4000,4290.91,0,24,0,0,0,1
男,专科,其他,创业,否,1000,21.67,1,1021.67,1021.67,26,4000,4696.77,0,19,0,0,0,1
女,本科,其他,学习进修,是,1000,77.18,6,179.53,1077.18,10,12000,12926.28,0,78,0,0,0,1
男,本科,其他,付房租,是,1000,77.18,6,179.53,1077.18,19,6997.58,9080.77,0,48,0,0,0,1
男,本科,其他,购物,是,1000,21.67,1,1021.67,1021.67,12,22997.58,31399.36,0,121,0,0,0,1
男,本科,其他,学习进修,是,1000,59.12,6,176.52,1059.119,14,2480.21,2644.96,0,24,0,0,0,1
男,本科,重点高校,购物,是,1000,59.12,6,176.52,1059.119,217,2000,2127.87,0,12,0,0,0,1
女,本科,其他,旅游,是,1000,77.18,6,179.53,1077.18,42,2000,2697.29,0,12,0,0,0,1
男,本科,其他,购物,是,1000,77.18,6,179.53,1077.18,39,4000,4308.72,0,24,0,0,0,1
男,本科,其他,担保交易,否,167.37,5.45,2,86.41,172.82,0,0,0,0,0,0,0,0,1
男,本科,其他,购物,是,1000,77.18,6,179.53,1077.18,25,6000,7421.74,0,36,0,0,0,1
男,本科,其他,学习进修,是,1000,59.12,6,176.52,1059.119,23,2000,2136.3,0,12,0,0,0,1
男,专科,其他,旅游,是,1000,77.18,6,179.53,1077.18,4,7200,7293.02,1338.52,49,3,0.15676253,0.057692308,0
男,专科,其他,创业,是,1000,43.64,3,347.88,1043.64,33,1000,1043.64,0,3,0,0,0,1
男,本科,其他,生活开销,否,500,16.3,2,258.1499,516.2999,10,4500,5247.61,0,19,0,0,0,1
男,专科,其他,旅游,是,1000,77.18,6,179.53,1077.18,32,8000,5789.66,12641.2,26,22,0.6124256,0.45833334,0
男,本科,其他,学习进修,是,1000,77.18,6,179.53,1077.18,4,1000,1412.35,0,6,0,0,0,1
男,本科,其他,购物,是,1000,21.67,1,1021.67,1021.67,5,2400,2440.01,0,3,0,0,0,1
女,本科,其他,生活开销,是,1000,59.12,6,176.52,1059.119,6,3122.11,3348.68,0,21,0,0,0,1
男,本科,其他,创业,是,1000,77.18,6,179.53,1077.18,44,2000,2154.36,0,12,0,0,0,1
男,本科,其他,创业,是,1000,77.18,6,179.53,1077.18,7,2000,2007.77,793.71,11,1,0.28410608,0.083333336,0
男,本科,重点高校,其他,是,713.68,55.1,6,128.13,768.78,0,4000,4323.97,0,19,0,0,0,1
男,本科,重点高校,购物,是,1000,77.18,6,179.53,1077.18,2,11999.68,10684.05,5240.9,52,16,0.30398628,0.23529412,0
女,本科,重点高校,旅游,是,1000,21.67,1,1021.67,1021.67,18,9000,9588.29,0,54,0,0,0,1
男,专科,其他,生活开销,否,1000,59.12,6,176.52,1059.119,14,1569.42,1650.4,0,13,0,0,0,1
男,专科,其他,购物,是,124.67,7.39,6,22.01,132.06,2,13069.16,15095.93,0,97,0,0,0,1
女,本科,其他,学习进修,否,1000,77.18,6,179.53,1077.18,94,0,0,0,0,0,0,0,1
女,硕士研究生,其他,其他,是,381.05,22.51,6,67.26,403.56,0,10818.15,11524.24,0,102,0,0,0,1
男,专科,其他,创业,是,1000,77.18,6,179.53,1077.18,47,1000,1077.18,0,6,0,0,0,1
男,本科,其他,购物,是,800,59.32,6,143.22,859.32,11,4000,4301.46,0,24,0,0,0,1
男,本科,其他,学习进修,是,1000,77.18,6,179.53,1077.18,13,3000,3225.93,0,23,0,0,0,1
男,本科,其他,生活开销,是,1000,77.18,6,179.53,1077.18,16,1000,1305.52,782.45,5,1,0.43897444,0.16666666,0
女,本科,其他,担保交易,是,484.21,28.61,6,85.47,512.82,0,8948,10869.64,0,46,0,0,0,1
男,本科,其他,担保交易,是,426.32,32.92,6,76.54,459.24,0,1420,1527.06,0,12,0,0,0,1
男,本科,其他,购物,是,300,23.16,6,53.86,323.16,19,1000,1195.2,0,6,0,0,0,1
男,本科,其他,购物,是,200,11.8,6,35.29999,211.8,1,3800,4829.09,0,37,0,0,0,1
男,本科,重点高校,生活开销,是,1000,54.76,4,263.69,1054.76,43,7000,7469.93,0,32,0,0,0,1
男,本科,其他,创业,是,1000,21.67,1,1021.67,1021.67,7,18000,19147.19,0,40,0,0,0,1
男,本科,其他,生活开销,是,1000,62.12,6,177.02,1062.119,14,4600,4859.76,0,24,0,0,0,1
女,本科,其他,创业,是,1000,46.24,4,261.56,1046.24,15,0,0,0,0,0,0,0,1
男,本科,其他,购物,是,1000,77.18,6,179.53,1077.18,12,8000,9628.98,0,48,0,0,0,1
男,本科,其他,购物,是,1000,77.18,6,179.53,1077.18,17,3000,3231.54,0,18,0,0,0,1
男,专科,其他,创业,是,1000,77.18,6,179.53,1077.18,25,7000,7760.33,0,35,0,0,0,1
女,博士研究生,重点高校,担保交易,是,122,5.74,6,21.29,127.74,0,7882.1,8323.77,0,30,0,0,0,1
男,本科,其他,生活开销,是,300,8.66,2,154.33,308.66,4,0,0,0,0,0,0,0,1
男,本科,其他,其他,是,136.14,10.5,6,24.44,146.6399,0,2534.74,575.79,10395.39,4,17,0.8039664,0.8095238,0
男,本科,其他,旅游,是,1000,77.18,6,179.53,1077.18,7,3000,3585.41,0,18,0,0,0,1
男,本科,重点高校,生活开销,是,500,29.56,6,88.26,529.5599,21,4000,4280.75,0,26,0,0,0,1
男,本科,重点高校,旅游,是,1000,59.12,6,176.52,1059.119,28,8000,8518.05,0,56,0,0,0,1
男,专科,其他,付房租,是,1000,50.55,5,210.11,1050.55,15,3000,3705.42,0,11,0,0,0,1
女,本科,其他,生活开销,是,1000,77.18,6,179.53,1077.18,46,0,0,0,0,0,0,0,1
男,本科,其他,购物,是,700,41.42,6,123.57,741.42,2,3800,4019.59,0,23,0,0,0,1
男,专科,其他,旅游,否,1000,77.18,6,179.53,1077.18,13,8000,8877.01,0,48,0,0,0,1
男,专科,其他,创业,是,1000,68.12,6,178.02,1068.119,16,1000,1228.18,0,3,0,0,0,1
男,本科,其他,学习进修,是,1000,77.18,6,179.53,1077.18,13,0,0,0,0,0,0,0,1
男,本科,其他,购物,是,500,38.6199,6,89.77,538.62,0,4500,4847.34,0,30,0,0,0,1
男,本科,其他,创业,是,1000,16.67,1,1016.67,1016.67,34,3000,3666.85,0,3,0,0,0,1
男,本科,其他,旅游,是,1000,77.18,6,179.53,1077.18,9,2894.74,3118.13,0,6,0,0,0,1
男,本科,其他,其他,是,250.53,19.35,6,44.98,269.88,0,10691.58,12231.58,0,79,0,0,0,1
女,本科,其他,其他,是,473.4,28.02,6,83.57,501.42,0,8939.73,9633,0,120,0,0,0,1
男,专科,其他,购物,是,400,30.86,6,71.81,430.86,4,2000,2154.36,0,12,0,0,0,1
男,本科,其他,生活开销,是,1000,77.18,6,179.53,1077.18,61,800,862.53,0,6,0,0,0,1
女,博士研究生,重点高校,其他,是,2111.58,99.6,6,368.53,2211.179,0,6631.58,6944.48,0,12,0,0,0,1
女,博士研究生,重点高校,担保交易,是,421.05,19.89,6,73.48999,440.94,0,4547.37,4789.06,0,6,0,0,0,1
男,专科,其他,其他,是,1472.63,113.65,6,264.38,1586.28,0,0,0,0,0,0,0,0,1
男,本科,其他,生活开销,是,300,23.16,6,53.86,323.16,17,4683.16,4960.17,0,6,0,0,0,1
男,本科,其他,购物,是,200,15.46,6,35.90999,215.46,2,4000,4269,0,30,0,0,0,1
男,本科,其他,生活开销,是,1000,77.18,6,179.53,1077.18,8,0,0,0,0,0,0,0,1
男,本科,其他,购物,是,1000,77.18,6,179.53,1077.18,6,2000,2154.36,0,12,0,0,0,1
男,本科,重点高校,购物,是,1000,77.18,6,179.53,1077.18,38,1000,1077.18,0,6,0,0,0,1
男,本科,其他,付房租,否,1000,77.18,6,179.53,1077.18,43,2000,2693.11,0,12,0,0,0,1
男,本科,其他,购物,是,150,8.88,6,26.48,158.88,9,3400,4225.64,0,24,0,0,0,1
男,专科,其他,生活开销,否,500,10.83,1,510.83,510.83,20,0,0,0,0,0,0,0,0
男,本科,其他,创业,是,1000,77.18,6,179.53,1077.18,19,2000,2455.45,0,12,0,0,0,1
男,本科,其他,旅游,是,1000,77.18,6,179.53,1077.18,31,1000,1077.18,0,6,0,0,0,1
男,本科,其他,购物,是,1000,77.18,6,179.53,1077.18,10,2000,2154.36,0,12,0,0,0,1
男,本科,其他,其他,是,2314.74,178.68,6,415.57,2493.42,0,0,0,0,0,0,0,0,1
女,本科,其他,其他,否,3000,177.42,6,529.57,3177.42,0,0,0,0,0,0,0,0,1
男,本科,其他,创业,是,1000,77.18,6,179.53,1077.18,15,0,0,0,0,0,0,0,1
男,本科,其他,生活开销,是,1000,77.18,6,179.53,1077.18,21,9800,10433.88,0,60,0,0,0,1
男,本科,其他,学习进修,是,500,38.6199,6,89.77,538.62,38,3104.21,3343.8,0,12,0,0,0,1
男,专科,其他,购物,是,900,53.22,6,158.87,953.22,21,1500,1593.18,0,12,0,0,0,1
男,本科,其他,旅游,是,1000,77.18,6,179.53,1077.18,4,6997.89,7527.11,0,50,0,0,0,1
男,本科,其他,生活开销,否,1000,27.58,2,513.79,1027.58,19,0,0,0,0,0,0,0,1
男,专科,其他,购物,是,1000,21.67,1,1021.67,1021.67,44,0,0,0,0,0,0,0,1
女,博士研究生,重点高校,其他,是,631.58,29.8,6,110.23,661.38,0,4631.58,4850.1,0,6,0,0,0,1
女,博士研究生,重点高校,其他,是,926.32,43.7,6,161.6699,970.02,0,7374,7721.9,0,30,0,0,0,1
女,博士研究生,重点高校,其他,是,497.89,23.51,6,86.9,521.4,0,7390.09,7738.83,0,48,0,0,0,1
女,博士研究生,重点高校,其他,是,589.47,27.81,6,102.88,617.28,0,7887.98,8260.21,0,54,0,0,0,1
女,博士研究生,重点高校,其他,是,792.61,37.3699,6,138.33,829.98,0,1459.21,1528.15,0,18,0,0,0,1
女,博士研究生,重点高校,其他,是,417.02,19.66,6,72.78,436.68,0,10237.19,10720.13,0,174,0,0,0,1
女,博士研究生,重点高校,其他,是,144.08,6.82,6,25.15,150.9,0,6886.99,7211.95,0,126,0,0,0,1
女,博士研究生,重点高校,其他,是,985.16,46.48,6,171.94,1031.64,0,2496.84,2614.69,0,18,0,0,0,1
女,博士研究生,重点高校,其他,是,168.77,7.99,6,29.46,176.76,0,8821.73,9237.83,0,126,0,0,0,1
女,博士研究生,重点高校,其他,是,282.98,13.36,6,49.39,296.3399,0,8990.5,9414.59,0,132,0,0,0,1
女,专科,其他,购物,是,200,10.96,4,52.74,210.96,37,3800,0,18055.39,0,21,0.82612985,1,0
男,本科,其他,购物,是,1000,60.8,5,212.16,1060.8,21,1000,1406.41,0,5,0,0,0,1
男,本科,其他,旅游,否,600,13,1,613,613,5,14946.79,11041.57,14500.47,34,6,0.49242172,0.15,0
女,本科,重点高校,生活开销,是,1000,68.12,6,178.02,1068.119,2,3000,3204.36,0,18,0,0,0,1
女,本科,其他,生活开销,否,1000,77.18,6,179.53,1077.18,86,0,0,0,0,0,0,0,0
男,专科,其他,付房租,否,110,2.29,1,112.29,112.29,6,2230,1906.46,976.77,12,4,0.30459622,0.25,1
男,本科,重点高校,购物,是,300,6.5,1,306.5,306.5,17,7700,8045.97,0,71,0,0,0,1
男,本科,重点高校,生活开销,是,500,38.6199,6,89.77,538.62,19,10700,11191.98,0,101,0,0,0,1
男,专科,其他,购物,是,300,13.08,3,104.36,313.08,2,0,0,0,0,0,0,0,1
男,本科,其他,创业,否,1000,21.67,1,1021.67,1021.67,5,2000,2192.4,0,12,0,0,0,1
男,本科,其他,社交娱乐,是,500,10.83,1,510.83,510.83,3,9000,9899.57,0,49,0,0,0,1
男,本科,其他,付房租,是,1000,77.18,6,179.53,1077.18,21,1000,1074.18,0,6,0,0,0,1
女,本科,其他,旅游,是,1000,47.18,6,174.53,1047.18,4,5000,5235.96,0,30,0,0,0,1
女,本科,其他,学习进修,是,1000,47.18,6,174.53,1047.18,2,1000,1047.18,0,6,0,0,0,1
女,本科,其他,生活开销,是,1000,47.18,6,174.53,1047.18,4,4000,4188.78,0,24,0,0,0,1
女,本科,重点高校,付房租,是,1000,47.18,6,174.53,1047.18,2,0,0,0,0,0,0,0,1
女,本科,其他,生活开销,是,1000,47.18,6,174.53,1047.18,2,0,0,0,0,0,0,0,1
女,本科,其他,购物,是,1000,47.18,6,174.53,1047.18,3,2000,2094.48,0,12,0,0,0,1
女,本科,其他,学习进修,是,1000,47.18,6,174.53,1047.18,2,0,0,0,0,0,0,0,1
女,本科,其他,购物,是,1000,47.18,6,174.53,1047.18,2,0,0,0,0,0,0,0,1
女,本科,其他,社交娱乐,是,1000,47.18,6,174.53,1047.18,5,1000,1047.24,0,6,0,0,0,1
男,本科,其他,生活开销,是,1000,54.76,4,263.69,1054.76,39,0,0,0,0,0,0,0,1
女,专科,其他,旅游,否,1000,21.67,1,1021.67,1021.67,4,6500,6933.69,0,25,0,0,0,1
女,专科,其他,购物,是,1000,77.18,6,179.53,1077.18,8,9500,10057.15,0,33,0,0,0,1
男,本科,其他,学习进修,是,500,16.3,2,258.1499,516.2999,5,500,516.3,0,2,0,0,0,1
男,本科,其他,学习进修,是,1000,32.6199,2,516.3099,1032.619,7,2000,2065.24,0,4,0,0,0,1
男,本科,其他,购物,是,600,46.32,6,107.72,646.32,13,2031.58,2188.4,0,6,0,0,0,1
男,专科,其他,学习进修,否,1000,77.18,6,179.53,1077.18,2,3000,3231.72,0,18,0,0,0,1
男,本科,其他,创业,是,1000,77.18,6,179.53,1077.18,10,18999,20338.98,0,114,0,0,0,1
男,本科,其他,旅游,是,1000,77.18,6,179.53,1077.18,6,2618.95,2919.64,0,22,0,0,0,1
男,本科,其他,旅游,是,600,40.86,6,106.81,640.86,19,4400,5598.77,0,29,0,0,0,1
女,本科,其他,购物,否,1000,33.53,3,344.51,1033.53,35,1000,1033.5,0,3,0,0,0,1
男,本科,其他,旅游,是,1000,77.18,6,179.53,1077.18,19,4000,4281.87,0,28,0,0,0,0
男,硕士研究生,其他,学习进修,是,500,16.3,2,258.1499,516.2999,41,0,0,0,0,0,0,0,1
男,本科,其他,创业,否,1000,43.64,3,347.88,1043.64,154,0,0,0,0,0,0,0,1
男,本科,其他,创业,是,1000,59.12,6,176.52,1059.119,62,1000,1237.64,0,3,0,0,0,1
男,本科,其他,其他,是,2688.47,175.15,6,477.27,2863.62,0,1461.05,1517.41,0,3,0,0,0,1
男,本科,其他,学习进修,是,1000,77.18,6,179.53,1077.18,5,4000,4410.6,0,24,0,0,0,1
男,本科,其他,创业,是,1000,43.64,3,347.88,1043.64,13,0,0,0,0,0,0,0,1
男,本科,其他,购物,是,1000,59.12,6,176.52,1059.119,30,3367.37,3566.31,0,18,0,0,0,1
男,本科,其他,生活开销,是,200,4.33,1,204.33,204.33,12,0,0,0,0,0,0,0,1
男,本科,其他,学习进修,是,500,13.8,2,256.8999,513.7999,13,50,51.04,0,1,0,0,0,1
男,本科,其他,创业,是,1000,77.18,6,179.53,1077.18,13,3000,3231.54,0,18,0,0,0,1
男,专科,其他,旅游,是,1000,77.18,6,179.53,1077.18,8,0,0,0,0,0,0,0,1
男,本科,其他,生活开销,是,600,26.19,3,208.73,626.19,17,3400,3708.06,0,20,0,0,0,1
男,本科,其他,创业,是,1000,77.18,6,179.53,1077.18,23,3000,3232.11,0,18,0,0,0,1
男,本科,其他,旅游,是,1000,21.67,1,1021.67,1021.67,6,13207.8,14779.65,0,93,0,0,0,0
男,专科,其他,创业,是,1000,77.18,6,179.53,1077.18,27,3000,3195.67,0,18,0,0,0,1
男,本科,其他,购物,是,50,3.88,6,8.98,53.88,4,2776.32,2987.86,0,19,0,0,0,1
男,本科,其他,创业,是,1000,77.18,6,179.53,1077.18,2,1000,685.75,2018.92,3,3,0.6687557,0.5,0
男,本科,其他,购物,是,1000,77.18,6,179.53,1077.18,26,2000,2154.36,0,12,0,0,0,1
男,专科,其他,购物,是,1000,21.67,1,1021.67,1021.67,12,9000,9676.92,0,60,0,0,0,1
男,专科,其他,购物,否,1000,77.18,6,179.53,1077.18,12,525.26,565.8,0,6,0,0,0,1
男,本科,其他,生活开销,是,500,38.6199,6,89.77,538.62,7,1851.58,2163.16,0,12,0,0,0,1
男,本科,其他,创业,是,1000,21.67,1,1021.67,1021.67,6,0,0,0,0,0,0,0,1
男,专科,其他,购物,否,1000,18.3299,1,1018.33,1018.33,20,0,0,0,0,0,0,0,1
女,本科,其他,购物,是,1000,77.18,6,179.53,1077.18,7,1000,1077.18,0,6,0,0,0,1
女,本科,其他,学习进修,是,500,38.6199,6,89.77,538.62,13,5000,5385.9,0,30,0,0,0,1
女,本科,其他,购物,是,500,38.6199,6,89.77,538.62,8,6000,6463.14,0,42,0,0,0,1
男,本科,其他,创业,否,1000,77.18,6,179.53,1077.18,24,2000,2151.42,0,12,0,0,0,1
男,本科,其他,学习进修,是,1000,77.18,6,179.53,1077.18,26,0,0,0,0,0,0,0,1
男,本科,其他,学习进修,是,500,10.83,1,510.83,510.83,5,1540,1763.32,0,12,0,0,0,1
男,本科,其他,学习进修,是,1000,74.18,6,179.03,1074.18,35,2000,2111.76,0,9,0,0,0,1
女,本科,其他,旅游,是,500,38.6199,6,89.77,538.62,8,2000,2118.24,0,12,0,0,0,1
女,本科,重点高校,生活开销,否,500,29.56,6,88.26,529.5599,5,1000,1077.24,0,6,0,0,0,1
男,本科,其他,其他,是,5000,295.66,6,882.61,5295.66,0,0,0,0,0,0,0,0,1
男,本科,其他,其他,是,2018.95,155.81,6,362.46,2174.76,0,0,0,0,0,0,0,0,1
男,专科,其他,旅游,是,1000,77.18,6,179.53,1077.18,2,3200,3549.17,1108,20,4,0.25719592,0.16666667,0
男,本科,其他,购物,是,1000,77.18,6,179.53,1077.18,6,5000,4272.48,2948.76,24,6,0.37097108,0.2,0
男,本科,其他,付房租,是,1000,77.18,6,179.53,1077.18,56,2000,2325.08,0,12,0,0,0,1
男,本科,其他,旅游,是,1000,43.64,3,347.88,1043.64,22,10390.64,11192.61,0,78,0,0,0,1
男,本科,其他,旅游,是,1000,77.18,6,179.53,1077.18,13,0,0,0,0,0,0,0,1
男,专科,其他,学习进修,是,1000,77.18,6,179.53,1077.18,0,1000,1181.08,902.9,4,2,0.47448632,0.3333333,0
男,专科,重点高校,购物,是,1000,77.18,6,179.53,1077.18,6,3400,4266.32,0,21,0,0,0,1
女,本科,其他,旅游,是,1000,77.18,6,179.53,1077.18,17,12000,12837.06,0,64,0,0,0,1
男,硕士研究生,其他,生活开销,是,1000,77.18,6,179.53,1077.18,4,3000,362.38,11755.55,2,16,0.79668665,0.8888889,0
男,本科,其他,创业,是,1000,65.12,6,177.52,1065.119,65,2000,2130.35,0,12,0,0,0,1
男,本科,其他,购物,是,1000,47.18,6,174.53,1047.18,4,1000,1047.18,0,6,0,0,0,1
男,本科,重点高校,旅游,是,1000,47.18,6,174.53,1047.18,10,1000,1047.18,0,6,0,0,0,1
男,本科,其他,旅游,是,1000,47.18,6,174.53,1047.18,8,3000,3141.66,0,18,0,0,0,1
男,本科,其他,学习进修,是,1000,47.18,6,174.53,1047.18,9,1000,1047.18,0,6,0,0,0,1
男,本科,其他,社交娱乐,是,1000,47.18,6,174.53,1047.18,11,1000,1047.18,0,6,0,0,0,1
男,本科,其他,生活开销,是,100,7.7,6,17.95,107.7,6,2100,2262.31,0,18,0,0,0,1
女,本科,其他,购物,是,300,17.76,6,52.96,317.76,11,0,0,0,0,0,0,0,1
男,本科,其他,创业,是,1000,77.18,6,179.53,1077.18,18,21000,23026.83,0,126,0,0,0,1
男,本科,其他,学习进修,否,1000,32.6199,2,516.3099,1032.619,18,0,0,0,0,0,0,0,1
男,专科,其他,购物,是,526.32,8.77,1,535.09,535.09,0,4722.7,4932.25,0,42,0,0,0,1
男,本科,其他,学习进修,是,1000,77.18,6,179.53,1077.18,6,0,0,0,0,0,0,0,1
男,本科,其他,生活开销,是,1000,21.67,1,1021.67,1021.67,18,1000,1091.44,0,1,0,0,0,1
男,本科,重点高校,其他,是,840,64.86,6,150.81,904.86,0,4000,4275.18,0,21,0,0,0,1
男,专科,其他,学习进修,否,1000,65.12,6,177.52,1065.119,33,0,0,0,0,0,0,0,0
男,本科,其他,旅游,是,1000,77.18,6,179.53,1077.18,19,7800,8433.96,0,33,0,0,0,1
男,本科,其他,创业,否,1000,52.64,4,263.16,1052.64,19,2000,2174.48,0,9,0,0,0,1
男,专科,其他,学习进修,否,1000,77.18,6,179.53,1077.18,8,0,0,0,0,0,0,0,1
男,本科,其他,其他,是,124.21,9.59,6,22.3,133.8,0,4145.26,7759.26,0,30,0,0,0,1
男,专科,其他,其他,是,1894.74,146.28,6,340.17,2041.02,0,1000,0,3607.31,0,6,0.7829536,1,0
男,专科,其他,购物,是,1000,65.95,5,213.19,1065.95,19,3000,3472.26,0,16,0,0,0,1
男,本科,其他,生活开销,是,1000,77.18,6,179.53,1077.18,9,0,0,0,0,0,0,0,1
男,本科,其他,学习进修,是,1000,47.18,6,174.53,1047.18,8,3000,3141.66,0,18,0,0,0,1
女,本科,其他,学习进修,是,1000,47.18,6,174.53,1047.18,5,3000,3141.66,0,18,0,0,0,1
女,本科,其他,创业,是,1000,47.18,6,174.53,1047.18,87,3000,3141.78,0,18,0,0,0,1
女,本科,其他,生活开销,是,1000,47.18,6,174.53,1047.18,4,5000,4188.84,0,24,0,0,0,1
女,本科,其他,创业,是,1000,47.18,6,174.53,1047.18,21,0,0,0,0,0,0,0,1
女,本科,其他,购物,是,1000,47.18,6,174.53,1047.18,9,2000,2094.36,0,12,0,0,0,1
男,专科,其他,购物,是,1000,77.18,6,179.53,1077.18,9,2400,2897.2,0,16,0,0,0,1
男,本科,其他,付房租,是,400,30.86,6,71.81,430.86,9,2000,2639.7,0,12,0,0,0,1
男,本科,其他,其他,是,3040,234.68,6,545.78,3274.68,0,0,0,0,0,0,0,0,1
女,本科,其他,购物,是,700,54.02,6,125.67,754.02,15,11415.79,12297.14,0,84,0,0,0,1
女,本科,其他,购物,是,1000,77.18,6,179.53,1077.18,15,15415.79,16605.86,0,114,0,0,0,1
男,本科,其他,旅游,是,1000,43.64,3,347.88,1043.64,32,0,0,0,0,0,0,0,0
男,专科,其他,旅游,是,1000,77.18,6,179.53,1077.18,3,2400,2585.22,0,18,0,0,0,1
男,本科,其他,生活开销,是,1000,62.12,6,177.02,1062.119,4,2000,2139.18,0,12,0,0,0,1
男,专科,其他,旅游,是,500,38.6199,6,89.77,538.62,15,3749.66,4002.39,0,30,0,0,0,1
男,本科,其他,付房租,是,1000,77.18,6,179.53,1077.18,11,1000,1157.26,0,6,0,0,0,1
女,本科,其他,购物,是,1000,74.18,6,179.03,1074.18,2,1000,590.26,1742.98,3,3,0.635433,0.5,0
男,专科,其他,创业,是,1000,77.18,6,179.53,1077.18,28,4000,4339.24,0,17,0,0,0,1
男,本科,其他,购物,是,1000,59.12,6,176.52,1059.119,2,452.63,239.69,764.81,3,3,0.6282117,0.5,0
男,本科,其他,旅游,是,1000,77.18,6,179.53,1077.18,16,2000,2518.98,1142.7,10,2,0.36360455,0.16666667,0
男,本科,其他,购物,是,1000,77.18,6,179.53,1077.18,4,4000,4272.54,0,24,0,0,0,1
男,本科,其他,生活开销,是,1000,74.18,6,179.03,1074.18,4,0,0,0,0,0,0,0,1
男,本科,其他,创业,是,1000,77.18,6,179.53,1077.18,33,0,0,0,0,0,0,0,0
男,本科,其他,创业,是,1000,77.18,6,179.53,1077.18,58,2000,886.04,5111.03,4,8,0.7187468,0.6666667,0
女,本科,其他,生活开销,是,1000,47.18,6,174.53,1047.18,18,2000,2094.48,0,12,0,0,0,1
男,本科,其他,学习进修,是,1000,47.18,6,174.53,1047.18,7,2000,2094.42,0,12,0,0,0,1
女,本科,其他,旅游,是,1000,47.18,6,174.53,1047.18,7,1000,1047.18,0,6,0,0,0,1
男,本科,其他,旅游,是,1000,47.18,6,174.53,1047.18,4,3000,3141.48,0,18,0,0,0,1
女,本科,其他,生活开销,是,1000,47.18,6,174.53,1047.18,3,2000,2094.36,0,12,0,0,0,1
男,本科,其他,旅游,是,1000,47.18,6,174.53,1047.18,3,2000,2094.3,0,12,0,0,0,1
男,本科,其他,购物,是,1000,47.18,6,174.53,1047.18,3,1000,1047.18,0,6,0,0,0,1
女,专科,其他,购物,否,1000,77.18,6,179.53,1077.18,4,7000,7751.45,0,42,0,0,0,1
男,专科,其他,生活开销,是,1000,77.18,6,179.53,1077.18,2,3440,6414.78,0,24,0,0,0,0
男,本科,其他,旅游,是,500,38.6199,6,89.77,538.62,20,3809.47,5166.52,0,24,0,0,0,1
男,专科,其他,学习进修,是,400,30.86,6,71.81,430.86,16,2000,2597.34,0,12,0,0,0,1
男,本科,其他,其他,是,631.58,48.76,6,113.39,680.34,0,3333.06,4584.65,102.85,29,1,0.029933846,0.033333335,0
男,本科,其他,学习进修,是,1000,77.18,6,179.53,1077.18,7,5000,6248.99,278.74,29,1,0.05280427,0.033333335,0
男,本科,其他,生活开销,是,1000,77.18,6,179.53,1077.18,64,2000,2417.28,0,12,0,0,0,0
男,本科,其他,学习进修,是,1000,32.6199,2,516.3099,1032.619,10,1000,1332.19,0,1,0,0,0,1
男,本科,重点高校,旅游,是,1000,77.18,6,179.53,1077.18,11,3500,4556.82,0,21,0,0,0,1
男,本科,其他,旅游,是,1000,77.18,6,179.53,1077.18,12,6000,6418.72,0,36,0,0,0,1
男,本科,其他,创业,是,1000,77.18,6,179.53,1077.18,30,2000,852,4879,4,8,0.70926005,0.6666667,0
女,本科,其他,其他,是,4933.68,321.36,6,875.84,5255.04,0,0,0,0,0,0,0,0,0
男,本科,其他,旅游,是,1000,77.18,6,179.53,1077.18,3,2000,1795.3,808.98,10,2,0.28799778,0.16666667,0
男,专科,其他,创业,是,1000,77.18,6,179.53,1077.18,84,0,0,0,0,0,0,0,1
男,本科,其他,购物,是,1000,77.18,6,179.53,1077.18,4,1000,1077.18,0,6,0,0,0,1
男,本科,其他,购物,是,1000,77.18,6,179.53,1077.18,25,0,0,0,0,0,0,0,1
女,本科,其他,生活开销,是,1000,77.18,6,179.53,1077.18,6,2000,0,5202.75,0,12,0.7223283,1,0
男,本科,其他,旅游,是,1000,43.64,3,347.88,1043.64,22,10000,12711,0,45,0,0,0,1
男,本科,其他,其他,是,939.04,72.5,6,168.59,1011.54,0,4000,0,15526.76,0,24,0.7951529,1,0
男,本科,重点高校,购物,是,1000,77.18,6,179.53,1077.18,51,0,0,0,0,0,0,0,1
男,本科,其他,创业,是,1000,59.12,6,176.52,1059.119,9,0,0,0,0,0,0,0,1
男,本科,重点高校,购物,是,1000,77.18,6,179.53,1077.18,48,4000,4311.24,0,24,0,0,0,1
男,本科,其他,其他,是,1882.11,145.29,6,337.9,2027.4,0,0,0,0,0,0,0,0,1
男,本科,重点高校,付房租,是,1000,77.18,6,179.53,1077.18,4,2000,2154.36,0,12,0,0,0,1
女,本科,其他,学习进修,是,1000,77.18,6,179.53,1077.18,4,0,0,0,0,0,0,0,1
男,本科,其他,其他,是,967.37,74.65,6,173.67,1042.02,0,4000,2702.13,7642.76,10,14,0.6564388,0.5833333,0
女,本科,其他,创业,是,1000,77.18,6,179.53,1077.18,36,0,0,0,0,0,0,0,1
女,本科,其他,创业,是,1000,77.18,6,179.53,1077.18,36,1000,1708.45,0,6,0,0,0,1
男,本科,其他,旅游,是,1000,77.18,6,179.53,1077.18,9,2000,2981.98,0,12,0,0,0,1
男,本科,其他,付房租,是,1000,59.12,6,176.52,1059.119,3,2000,2898.8,0,12,0,0,0,1
男,专科,其他,创业,是,1000,16.67,1,1016.67,1016.67,27,0,0,0,0,0,0,0,1
男,本科,其他,创业,是,1000,59.12,6,176.52,1059.119,17,0,0,0,0,0,0,0,1
女,专科,其他,创业,否,1000,77.18,6,179.53,1077.18,44,0,0,0,0,0,0,0,1
男,本科,其他,购物,是,1000,77.18,6,179.53,1077.18,7,3000,1615.99,4787.28,9,9,0.61475635,0.5,0
男,本科,其他,购物,是,1000,59.12,6,176.52,1059.119,13,2400,2576.82,0,18,0,0,0,1
男,本科,其他,购物,是,1000,77.18,6,179.53,1077.18,19,0,0,0,0,0,0,0,1
男,本科,其他,创业,是,1000,54.76,4,263.69,1054.76,43,0,0,0,0,0,0,0,1
男,本科,其他,旅游,是,1000,77.18,6,179.53,1077.18,44,1000,181.57,2940.61,1,5,0.74623215,0.8333333,0
男,本科,其他,购物,是,1000,77.18,6,179.53,1077.18,4,0,0,0,0,0,0,0,1
男,本科,其他,生活开销,是,1000,47.18,6,174.53,1047.18,10,2000,2094.36,0,12,0,0,0,1
女,本科,其他,社交娱乐,是,1000,47.18,6,174.53,1047.18,10,0,0,0,0,0,0,0,1
女,本科,其他,购物,是,1000,47.18,6,174.53,1047.18,7,1000,1047.18,0,6,0,0,0,1
女,本科,其他,旅游,是,1000,47.18,6,174.53,1047.18,5,0,0,0,0,0,0,0,1
男,本科,其他,购物,是,1000,47.18,6,174.53,1047.18,3,0,0,0,0,0,0,0,1
男,本科,其他,旅游,是,1000,47.18,6,174.53,1047.18,3,3000,3141.54,0,18,0,0,0,1
男,本科,其他,旅游,是,1000,47.18,6,174.53,1047.18,4,1000,1047.18,0,6,0,0,0,1
男,本科,其他,社交娱乐,是,1000,47.18,6,174.53,1047.18,2,4000,4188.66,0,24,0,0,0,1
女,本科,其他,旅游,是,1000,47.18,6,174.53,1047.18,8,1000,1047.18,0,6,0,0,0,1
女,本科,其他,旅游,是,1000,47.18,6,174.53,1047.18,8,0,0,0,0,0,0,0,1
女,本科,其他,生活开销,是,1000,47.18,6,174.53,1047.18,3,3000,3141.6,0,18,0,0,0,1
男,本科,其他,生活开销,是,1000,47.18,6,174.53,1047.18,6,3000,3141.48,0,18,0,0,0,1
男,本科,其他,购物,是,1000,47.18,6,174.53,1047.18,3,4000,4188.84,0,24,0,0,0,1
男,本科,其他,社交娱乐,是,1000,47.18,6,174.53,1047.18,4,1000,1047.24,0,6,0,0,0,1
女,本科,其他,旅游,是,1000,47.18,6,174.53,1047.18,4,3000,3121.64,0,18,0,0,0,1
女,本科,其他,生活开销,是,1000,47.18,6,174.53,1047.18,3,2000,2081.04,0,12,0,0,0,1
男,本科,其他,付房租,是,1000,47.18,6,174.53,1047.18,3,1000,1040.49,0,6,0,0,0,1
男,硕士研究生,重点高校,学习进修,是,1000,77.18,6,179.53,1077.18,8,3000,3231.54,0,18,0,0,0,1
男,本科,其他,其他,是,2330.53,179.87,6,418.4,2510.4,0,0,0,0,0,0,0,0,0
男,本科,其他,购物,是,1000,77.18,6,179.53,1077.18,15,3330.53,1659.2,7329.04,4,8,0.68755496,0.6666667,0
女,本科,其他,学习进修,是,1000,77.18,6,179.53,1077.18,41,0,0,0,0,0,0,0,1
男,本科,其他,旅游,是,1000,77.18,6,179.53,1077.18,8,0,0,0,0,0,0,0,1
男,本科,其他,生活开销,是,1000,77.18,6,179.53,1077.18,7,4000,4308.78,0,24,0,0,0,1
男,本科,其他,创业,是,1000,77.18,6,179.53,1077.18,12,5000,5830.6,0,30,0,0,0,1
男,本科,其他,旅游,是,1000,74.18,6,179.03,1074.18,17,6000,7040.04,0,36,0,0,0,0
女,本科,其他,购物,是,1000,77.18,6,179.53,1077.18,19,0,0,0,0,0,0,0,1
女,本科,其他,生活开销,是,1000,77.18,6,179.53,1077.18,9,2000,2269.85,0,12,0,0,0,1
男,本科,重点高校,购物,是,1000,43.64,3,347.88,1043.64,4,10100,10850.67,0,71,0,0,0,1
男,本科,重点高校,购物,是,1000,77.18,6,179.53,1077.18,19,2000,2155.5,0,12,0,0,0,1
女,本科,其他,付房租,是,1000,77.18,6,179.53,1077.18,13,5000,5560.39,0,25,0,0,0,1
男,本科,其他,创业,是,1000,77.18,6,179.53,1077.18,91,5000,4994.68,2587.68,24,6,0.34103703,0.2,0
男,本科,其他,创业,是,1000,77.18,6,179.53,1077.18,91,6000,4994.68,5182.88,24,12,0.46346557,0.33333334,0
男,本科,其他,购物,是,1000,77.18,6,179.53,1077.18,4,3000,0,10327.56,0,18,0.7749025,1,0
男,本科,其他,社交娱乐,是,1000,77.18,6,179.53,1077.18,13,3000,1615.8,4621.78,9,9,0.60639113,0.5,0
男,本科,其他,学习进修,是,1000,59.12,6,176.52,1059.119,6,1000,1584.63,0,6,0,0,0,1
男,本科,重点高校,旅游,是,1000,77.18,6,179.53,1077.18,7,7000,7494.88,0,42,0,0,0,1
男,专科,其他,旅游,是,1000,77.18,6,179.53,1077.18,9,1000,1218.26,460.34,5,1,0.31522796,0.16666666,0
男,硕士研究生,其他,创业,是,1000,77.18,6,179.53,1077.18,8,1000,1077.24,0,6,0,0,0,1
男,硕士研究生,其他,创业,是,1000,77.18,6,179.53,1077.18,8,7000,7540.68,0,42,0,0,0,1
男,专科,重点高校,创业,是,1000,77.18,6,179.53,1077.18,7,2000,2154.74,0,12,0,0,0,1
男,本科,其他,其他,是,2104.21,162.41,6,377.77,2266.62,0,0,0,0,0,0,0,0,1
男,专科,其他,购物,否,1000,77.18,6,179.53,1077.18,11,1000,0,1691.43,0,6,0.6284503,1,0
男,本科,其他,旅游,是,1000,77.18,6,179.53,1077.18,15,2000,2744.77,0,12,0,0,0,1
女,专科,其他,创业,否,550,42.44,6,98.74,592.44,25,3000,3509.56,0,18,0,0,0,1
男,本科,其他,生活开销,是,1000,77.18,6,179.53,1077.18,15,1000,1077.94,0,6,0,0,0,1
男,专科,其他,购物,是,1000,21.67,1,1021.67,1021.67,4,13000,14663.87,0,73,0,0,0,1
男,本科,其他,购物,是,1000,77.18,6,179.53,1077.18,3,3000,3195.48,0,18,0,0,0,1
男,本科,重点高校,购物,是,1000,77.18,6,179.53,1077.18,21,0,0,0,0,0,0,0,1
女,本科,重点高校,购物,是,1000,47.18,6,174.53,1047.18,3,4000,4189.16,0,24,0,0,0,1
女,本科,其他,生活开销,是,1000,47.18,6,174.53,1047.18,3,0,0,0,0,0,0,0,1
女,本科,其他,社交娱乐,是,1000,47.18,6,174.53,1047.18,6,1000,1047.35,0,6,0,0,0,1
女,本科,重点高校,旅游,是,1000,47.18,6,174.53,1047.18,4,1000,1047.24,0,6,0,0,0,1
男,本科,其他,旅游,是,1000,47.18,6,174.53,1047.18,4,1000,1047.24,0,6,0,0,0,1
女,本科,其他,购物,是,1000,47.18,6,174.53,1047.18,3,2000,2094.36,0,12,0,0,0,1
女,本科,其他,学习进修,是,1000,47.18,6,174.53,1047.18,3,0,0,0,0,0,0,0,1
女,本科,重点高校,购物,是,1000,47.18,6,174.53,1047.18,4,0,0,0,0,0,0,0,1
女,本科,重点高校,生活开销,是,1000,47.18,6,174.53,1047.18,3,2000,2094.36,0,12,0,0,0,1
女,本科,其他,创业,是,1000,47.18,6,174.53,1047.18,4,2000,2094.3,0,12,0,0,0,1
男,本科,其他,社交娱乐,是,1000,47.18,6,174.53,1047.18,6,2000,2094.42,0,12,0,0,0,1
男,本科,其他,旅游,是,1000,47.18,6,174.53,1047.18,3,3000,3141.54,0,18,0,0,0,1
男,本科,其他,旅游,是,1000,47.18,6,174.53,1047.18,4,4000,4188.78,0,24,0,0,0,1
女,本科,其他,学习进修,是,1000,47.18,6,174.53,1047.18,23,2000,2094.42,0,12,0,0,0,1
女,本科,其他,旅游,是,1000,47.18,6,174.53,1047.18,4,1000,1047.18,0,6,0,0,0,1
男,本科,其他,旅游,是,1000,47.18,6,174.53,1047.18,4,3000,3141.54,0,18,0,0,0,1
男,本科,其他,创业,是,1000,68.12,6,178.02,1068.119,42,0,0,0,0,0,0,0,1
男,本科,其他,购物,是,1000,77.18,6,179.53,1077.18,10,3000,2989.91,2828.95,12,6,0.48532754,0.33333334,1
男,本科,其他,旅游,是,1000,77.18,6,179.53,1077.18,7,4000,4308.78,0,24,0,0,0,1
女,专科,其他,旅游,是,1000,77.18,6,179.53,1077.18,27,3900,3930.78,3989.78,16,8,0.5056896,0.33333334,0
女,专科,其他,创业,是,1000,77.18,6,179.53,1077.18,15,3000,1657.05,4918.01,7,11,0.62111694,0.6111111,0
男,专科,其他,创业,是,1000,59.12,6,176.52,1059.119,15,3000,1098.27,5714.2,5,13,0.6557343,0.7222222,0
男,本科,重点高校,学习进修,是,1000,77.18,6,179.53,1077.18,36,5000,718.12,13108.81,4,26,0.7238913,0.8666667,0
男,本科,其他,购物,是,1000,77.18,6,179.53,1077.18,6,1000,1077.18,0,6,0,0,0,1
男,专科,其他,学习进修,是,1000,77.18,6,179.53,1077.18,0,1000,1454.98,0,6,0,0,0,1
男,本科,其他,学习进修,是,1000,77.18,6,179.53,1077.18,8,2000,2154.36,0,12,0,0,0,1
男,本科,其他,学习进修,是,1000,77.18,6,179.53,1077.18,38,0,0,0,0,0,0,0,0
男,本科,其他,付房租,是,1000,77.18,6,179.53,1077.18,17,1000,874.7,1251.22,3,3,0.5557964,0.5,0
女,本科,其他,购物,是,1000,59.12,6,176.52,1059.119,48,0,0,0,0,0,0,0,1
男,本科,其他,学习进修,是,1000,77.18,6,179.53,1077.18,4,3000,3231.54,0,18,0,0,0,1
男,本科,其他,其他,是,1000,77.18,6,179.53,1077.18,14,2800,3417.02,0,18,0,0,0,1
男,本科,其他,创业,是,1000,77.18,6,179.53,1077.18,31,1000,0,3303.9,0,6,0.7676526,1,0
男,本科,其他,付房租,是,1000,77.18,6,179.53,1077.18,5,1000,1120.62,424.09,5,1,0.29779717,0.16666666,0
男,专科,其他,购物,是,1000,77.18,6,179.53,1077.18,5,1000,1578.7,0,6,0,0,0,1
男,专科,其他,旅游,是,1000,77.18,6,179.53,1077.18,5,4000,6771.34,0,24,0,0,0,1
女,本科,重点高校,学习进修,是,1000,77.18,6,179.53,1077.18,12,1000,0,3296.23,0,6,0.7672378,1,0
男,本科,其他,旅游,是,1000,77.18,6,179.53,1077.18,10,1000,1075.08,895.18,4,2,0.47234562,0.3333333,0
男,专科,其他,创业,是,1000,77.18,6,179.53,1077.18,10,0,0,0,0,0,0,0,1
女,专科,其他,购物,是,1000,77.18,6,179.53,1077.18,7,0,0,0,0,0,0,0,0
男,本科,其他,社交娱乐,是,1000,77.18,6,179.53,1077.18,40,0,0,0,0,0,0,0,0
男,专科,其他,创业,是,1000,77.18,6,179.53,1077.18,51,2000,2831.22,0,12,0,0,0,1
男,本科,其他,购物,是,1000,59.12,6,176.52,1059.119,10,2000,2136.68,0,12,0,0,0,1
男,专科,其他,旅游,是,1000,77.18,6,179.53,1077.18,29,3000,0,9248.91,0,18,0.7550802,1,0
女,本科,其他,学习进修,是,1000,77.18,6,179.53,1077.18,11,3000,538.59,7561.11,3,15,0.7159389,0.8333333,0
男,本科,其他,旅游,是,1000,47.18,6,174.53,1047.18,20,2000,2094.36,0,12,0,0,0,1
男,本科,其他,生活开销,是,1000,47.18,6,174.53,1047.18,3,4000,4188.72,0,24,0,0,0,1
女,本科,其他,生活开销,是,1000,47.18,6,174.53,1047.18,3,4000,4188.66,0,24,0,0,0,1
女,本科,其他,旅游,是,1000,47.18,6,174.53,1047.18,2,2000,2094.36,0,12,0,0,0,1
女,本科,其他,购物,是,1000,47.18,6,174.53,1047.18,25,1000,1047.18,0,6,0,0,0,1
女,本科,重点高校,旅游,是,1000,47.18,6,174.53,1047.18,9,4000,4188.72,0,24,0,0,0,1
女,本科,其他,购物,是,1000,47.18,6,174.53,1047.18,14,4000,4188.72,0,24,0,0,0,1
女,本科,其他,学习进修,是,1000,47.18,6,174.53,1047.18,0,4000,4188.84,0,24,0,0,0,1
男,本科,其他,创业,是,1000,47.18,6,174.53,1047.18,19,2000,2094.42,0,12,0,0,0,1
男,本科,其他,旅游,是,1000,47.18,6,174.53,1047.18,3,0,0,0,0,0,0,0,1
男,本科,其他,旅游,是,1000,47.18,6,174.53,1047.18,21,4000,4188.72,0,24,0,0,0,1
男,本科,重点高校,创业,是,1000,47.18,6,174.53,1047.18,17,3000,3141.54,0,18,0,0,0,1
男,本科,其他,购物,是,1000,47.18,6,174.53,1047.18,6,2000,2094.36,0,12,0,0,0,1
男,本科,其他,学习进修,是,1000,47.18,6,174.53,1047.18,43,1000,1047.18,0,6,0,0,0,1
男,专科,其他,创业,是,1000,77.18,6,179.53,1077.18,10,0,0,0,0,0,0,0,1
男,本科,其他,旅游,是,1000,77.18,6,179.53,1077.18,2,0,0,0,0,0,0,0,1
女,本科,其他,购物,是,1000,21.67,1,1021.67,1021.67,2,9000,9528.85,0,39,0,0,0,1
男,本科,其他,学习进修,是,1000,77.18,6,179.53,1077.18,18,3000,1786.02,4021.7,9,9,0.572753,0.5,0
男,专科,其他,购物,是,1000,19.17,1,1019.17,1019.17,10,1000,1065,0,1,0,0,0,1
男,本科,其他,学习进修,是,1000,77.18,6,179.53,1077.18,10,0,0,0,0,0,0,0,0
男,专科,其他,购物,是,1000,77.18,6,179.53,1077.18,2,2446.81,5762.32,0,18,0,0,0,1
女,本科,其他,生活开销,是,1000,59.12,6,176.52,1059.119,0,0,0,0,0,0,0,0,1
男,本科,其他,购物,是,1000,77.18,6,179.53,1077.18,17,2000,2274.11,0,12,0,0,0,1
男,本科,其他,购物,是,1000,77.18,6,179.53,1077.18,17,3000,3602.53,0,18,0,0,0,1
男,专科,其他,购物,是,1000,77.18,6,179.53,1077.18,7,3000,0,9384.12,0,18,0.75775427,1,0
男,本科,其他,学习进修,是,1000,77.18,6,179.53,1077.18,22,3000,4066.46,930.77,15,3,0.23679076,0.16666667,0
男,专科,其他,旅游,否,1000,77.18,6,179.53,1077.18,36,0,0,0,0,0,0,0,1
男,本科,重点高校,创业,是,1000,77.18,6,179.53,1077.18,142,6000,6465.04,0,36,0,0,0,1
男,专科,其他,购物,是,800,61.78,6,143.63,861.78,10,2400,4831.93,0,18,0,0,0,1
女,本科,其他,学习进修,是,1000,77.18,6,179.53,1077.18,8,4000,4308.72,0,24,0,0,0,1
男,本科,其他,创业,是,1000,77.18,6,179.53,1077.18,9,3000,4259.28,0,24,0,0,0,1
女,本科,其他,创业,是,1000,77.18,6,179.53,1077.18,46,3000,3265.79,0,18,0,0,0,1
男,硕士研究生,其他,生活开销,是,800,52.12,6,142.02,852.12,28,5600,6312.92,0,36,0,0,0,1
男,本科,其他,创业,是,1000,77.18,6,179.53,1077.18,45,4000,4298.27,0,19,0,0,0,1
男,专科,其他,购物,是,1000,21.67,1,1021.67,1021.67,24,7000,6464.03,1919.3,36,1,0.21518505,0.027027028,0
男,专科,其他,旅游,否,1000,77.18,6,179.53,1077.18,37,1000,1283.99,0,6,0,0,0,1
男,专科,其他,购物,是,1000,77.18,6,179.53,1077.18,2,1000,1594.94,0,6,0,0,0,1
女,本科,其他,旅游,是,1000,77.18,6,179.53,1077.18,68,1000,1077.18,0,6,0,0,0,1
女,专科,其他,学习进修,否,500,38.6199,6,89.77,538.62,43,3000,3485.66,0,36,0,0,0,1
男,专科,其他,购物,是,1000,77.18,6,179.53,1077.18,58,2000,2130.24,0,12,0,0,0,1
男,本科,其他,学习进修,是,1000,77.18,6,179.53,1077.18,4,3000,4859.44,0,18,0,0,0,1
女,本科,重点高校,生活开销,是,1000,47.18,6,174.53,1047.18,22,2000,2094.36,0,12,0,0,0,1
男,本科,其他,创业,是,1000,47.18,6,174.53,1047.18,27,2000,2094.36,0,12,0,0,0,1
女,本科,其他,创业,是,1000,47.18,6,174.53,1047.18,11,1000,1047.24,0,6,0,0,0,1
男,本科,其他,购物,是,1000,47.18,6,174.53,1047.18,7,2000,2094.36,0,12,0,0,0,1
男,本科,其他,学习进修,是,1000,47.18,6,174.53,1047.18,78,1000,1047.24,0,6,0,0,0,1
男,本科,其他,创业,是,1000,47.18,6,174.53,1047.18,16,2000,2094.36,0,12,0,0,0,1
男,本科,其他,创业,是,1000,47.18,6,174.53,1047.18,17,1000,1047.18,0,6,0,0,0,1
男,本科,其他,生活开销,是,1000,47.18,6,174.53,1047.18,75,2000,2094.48,0,12,0,0,0,1
女,本科,其他,旅游,是,1000,47.18,6,174.53,1047.18,4,2000,2094.36,0,12,0,0,0,1
女,本科,其他,创业,是,1000,47.18,6,174.53,1047.18,19,3000,3141.54,0,18,0,0,0,1
男,本科,其他,购物,是,1000,47.18,6,174.53,1047.18,2,0,0,0,0,0,0,0,1
女,本科,其他,购物,是,1000,47.18,6,174.53,1047.18,11,0,0,0,0,0,0,0,1
女,本科,其他,购物,是,1000,47.18,6,174.53,1047.18,4,4000,4188.72,0,24,0,0,0,1
女,本科,重点高校,学习进修,是,1000,47.18,6,174.53,1047.18,44,4000,4188.72,0,24,0,0,0,1
女,本科,重点高校,学习进修,是,1000,47.18,6,174.53,1047.18,7,4000,4188.72,0,24,0,0,0,1
女,专科,其他,购物,是,1000,77.18,6,179.53,1077.18,24,5000,7087.99,0,30,0,0,0,1
女,本科,其他,购物,是,1000,16.67,1,1016.67,1016.67,13,5600,6606.56,0,26,0,0,0,1
男,专科,其他,购物,是,1000,77.18,6,179.53,1077.18,11,3000,3051.76,800.18,16,2,0.2105637,0.11111111,0
男,专科,其他,学习进修,是,1000,77.18,6,179.53,1077.18,6,1500,1767.55,0,12,0,0,0,1
男,本科,其他,旅游,是,1000,77.18,6,179.53,1077.18,6,2000,0,6064.36,0,12,0.7519952,1,0
男,本科,重点高校,创业,是,1000,77.18,6,179.53,1077.18,14,2000,2245.75,0,12,0,0,0,1
男,本科,重点高校,创业,是,1000,77.18,6,179.53,1077.18,14,4000,4576.71,0,24,0,0,0,1
男,本科,重点高校,购物,是,1000,77.18,6,179.53,1077.18,17,4000,5458.12,1200.3,21,3,0.23081361,0.125,1
男,本科,其他,购物,是,1000,77.18,6,179.53,1077.18,9,5000,2683.03,5521.77,15,15,0.52479476,0.5,0
女,专科,其他,生活开销,是,1000,77.18,6,179.53,1077.18,30,1000,1425.45,0,6,0,0,0,1
女,本科,其他,学习进修,是,1000,77.18,6,179.53,1077.18,10,3000,4096.72,0,18,0,0,0,1
男,专科,其他,创业,是,1000,59.12,6,176.52,1059.119,34,0,0,0,0,0,0,0,1
男,本科,其他,学习进修,是,1000,59.12,6,176.52,1059.119,18,0,0,0,0,0,0,0,1
男,专科,其他,购物,是,1000,77.18,6,179.53,1077.18,68,5000,0,14830.21,0,30,0.7478595,1,0
男,本科,其他,生活开销,是,1000,77.18,6,179.53,1077.18,8,1000,1157.82,0,6,0,0,0,1
男,专科,其他,学习进修,是,1000,77.18,6,179.53,1077.18,12,2000,1973.35,2219.16,7,5,0.525972,0.41666666,0
男,本科,其他,学习进修,是,1000,77.18,6,179.53,1077.18,31,0,0,0,0,0,0,0,1
女,本科,其他,购物,是,1000,77.18,6,179.53,1077.18,2,4000,4309.48,0,24,0,0,0,1
女,本科,其他,购物,是,1000,77.18,6,179.53,1077.18,5,0,0,0,0,0,0,0,1
男,专科,其他,学习进修,是,1000,77.18,6,179.53,1077.18,28,0,0,0,0,0,0,0,1
男,专科,其他,学习进修,是,1000,77.18,6,179.53,1077.18,14,0,0,0,0,0,0,0,1
男,本科,其他,购物,是,1000,77.18,6,179.53,1077.18,53,0,0,0,0,0,0,0,1
男,专科,其他,购物,是,1000,77.18,6,179.53,1077.18,4,5000,10058.12,0,30,0,0,0,1
女,专科,其他,购物,是,1000,77.18,6,179.53,1077.18,10,0,0,0,0,0,0,0,1
男,专科,其他,购物,是,1000,77.18,6,179.53,1077.18,8,1000,1303.87,0,6,0,0,0,1
男,本科,其他,旅游,是,1000,77.18,6,179.53,1077.18,35,5000,0,12378.25,0,30,0.712284,1,0
男,专科,其他,创业,是,1000,77.18,6,179.53,1077.18,23,4000,179.54,10714.44,1,23,0.7281582,0.9583333,0
男,专科,其他,购物,是,1000,77.18,6,179.53,1077.18,5,2000,3207.52,0,12,0,0,0,1
女,本科,其他,创业,是,1000,77.18,6,179.53,1077.18,37,7000,7065.91,1075.61,18,4,0.13319242,0.18181819,0
女,专科,其他,购物,是,1000,77.18,6,179.53,1077.18,6,5000,5248.05,5948.58,11,15,0.54331976,0.5769231,0
男,本科,其他,学习进修,是,1000,77.18,6,179.53,1077.18,4,1000,1321.3,0,3,0,0,0,1
男,专科,其他,创业,是,1000,77.18,6,179.53,1077.18,2,1000,1077.24,0,6,0,0,0,1
男,专科,其他,付房租,是,1000,77.18,6,179.53,1077.18,3,2000,0,5679.53,0,12,0.7395674,1,0
男,本科,重点高校,旅游,是,1000,77.18,6,179.53,1077.18,7,1000,2328.4,0,6,0,0,0,1
男,本科,重点高校,购物,是,1000,77.18,6,179.53,1077.18,7,2000,4656.8,0,12,0,0,0,1
男,本科,其他,创业,是,1000,77.18,6,179.53,1077.18,44,5000,7598,0,30,0,0,0,1
男,本科,其他,创业,是,1000,77.18,6,179.53,1077.18,55,1000,1543.83,0,6,0,0,0,1
男,本科,其他,创业,是,1000,77.18,6,179.53,1077.18,10,1000,1059.12,0,6,0,0,0,1
男,专科,其他,创业,是,1000,59.12,6,176.52,1059.119,18,4000,5014.73,0,19,0,0,0,0
男,本科,其他,创业,是,1000,77.18,6,179.53,1077.18,21,1000,897.7,253.61,5,1,0.20230375,0.16666666,0
男,本科,其他,学习进修,是,1000,77.18,6,179.53,1077.18,12,3000,322.71,8067.26,1,17,0.7289302,0.9444444,0
男,专科,其他,购物,是,1000,77.18,6,179.53,1077.18,7,3000,3419.32,0,18,0,0,0,1
男,专科,其他,购物,是,1000,77.18,6,179.53,1077.18,7,3000,3683.49,1131.6,15,3,0.27388903,0.16666667,0
男,本科,其他,旅游,是,1000,77.18,6,179.53,1077.18,4,4000,0,11658.13,0,24,0.74454165,1,0
女,专科,其他,学习进修,是,1000,77.18,6,179.53,1077.18,81,2000,0,4717.08,0,12,0.70225155,1,0
男,本科,其他,旅游,是,1000,77.18,6,179.53,1077.18,4,0,0,0,0,0,0,0,0
男,本科,其他,创业,是,1000,77.18,6,179.53,1077.18,33,1000,359.82,1724.82,2,4,0.6330033,0.6666666,0
男,本科,其他,创业,是,1000,77.18,6,179.53,1077.18,33,2000,719.64,3449.64,4,8,0.6330033,0.6666667,0
女,本科,其他,创业,是,1000,77.18,6,179.53,1077.18,26,1000,1480.47,0,6,0,0,0,1
男,本科,其他,创业,是,1000,77.18,6,179.53,1077.18,51,5000,8042.28,0,30,0,0,0,1
男,本科,其他,学习进修,是,1000,77.18,6,179.53,1077.18,8,1000,179.54,2238.38,1,5,0.69120365,0.8333333,0
男,本科,其他,旅游,是,1000,77.18,6,179.53,1077.18,15,1000,0,2855.77,0,6,0.74064845,1,0
男,本科,其他,旅游,是,1000,77.18,6,179.53,1077.18,14,1000,1079.22,0,6,0,0,0,1
男,本科,其他,购物,是,1000,77.18,6,179.53,1077.18,32,2000,4041.06,0,12,0,0,0,1
男,本科,其他,生活开销,是,1000,77.18,6,179.53,1077.18,53,0,0,0,0,0,0,0,0
男,本科,其他,旅游,是,1000,77.18,6,179.53,1077.18,17,3000,3338.94,0,18,0,0,0,1
男,硕士研究生,重点高校,购物,是,1000,77.18,6,179.53,1077.18,11,5000,3805.94,4404.28,19,11,0.4683272,0.36666667,0
男,专科,其他,购物,是,1000,77.18,6,179.53,1077.18,1,1000,538.59,1237.8,3,3,0.55313253,0.5,0
男,专科,其他,学习进修,是,1000,77.18,6,179.53,1077.18,38,2000,0,5680.39,0,12,0.73959655,1,0
男,本科,其他,创业,是,1000,77.18,6,179.53,1077.18,13,0,0,0,0,0,0,0,1
男,专科,其他,购物,是,1000,77.18,6,179.53,1077.18,6,0,0,0,0,0,0,0,0
男,本科,其他,购物,是,1000,77.18,6,179.53,1077.18,7,2000,3006.18,0,12,0,0,0,1
男,专科,其他,购物,是,1000,77.18,6,179.53,1077.18,10,1000,0,2839.83,0,6,0.7395718,1,0
男,本科,重点高校,购物,是,1000,77.18,6,179.53,1077.18,68,0,0,0,0,0,0,0,0
男,专科,其他,购物,是,1000,77.18,6,179.53,1077.18,23,4000,5414.23,0,24,0,0,0,0
男,专科,其他,社交娱乐,是,1000,77.18,6,179.53,1077.18,5,3000,4259.19,0,18,0,0,0,1
男,本科,其他,生活开销,是,1000,77.18,6,179.53,1077.18,12,3000,3764.16,1067.73,15,3,0.26248792,0.16666667,0
男,专科,其他,购物,是,1000,43.64,3,347.88,1043.64,2,1000,1084.25,0,6,0,0,0,1
男,本科,其他,创业,是,1000,77.18,6,179.53,1077.18,24,1000,1873.1,0,6,0,0,0,1
男,本科,其他,学习进修,是,1000,77.18,6,179.53,1077.18,5,0,0,0,0,0,0,0,1
男,专科,其他,购物,是,1000,77.18,6,179.53,1077.18,5,1000,0,2738.14,0,6,0.73248726,1,0
男,硕士研究生,重点高校,购物,是,1000,43.64,3,347.88,1043.64,13,6000,6261.84,0,18,0,0,0,1
男,本科,其他,旅游,是,1000,77.18,6,179.53,1077.18,10,4000,4308.9,0,24,0,0,0,1
男,本科,其他,旅游,是,1000,77.18,6,179.53,1077.18,10,5000,5386.14,0,30,0,0,0,1
男,本科,其他,创业,是,1000,77.18,6,179.53,1077.18,76,1000,1591.22,347.33,5,1,0.25779134,0.16666666,0
男,专科,其他,创业,是,1000,77.18,6,179.53,1077.18,19,2000,1282.96,3344.49,4,8,0.6257828,0.6666667,0
女,本科,其他,购物,是,1000,77.18,6,179.53,1077.18,10,5000,1615.87,8568.69,9,21,0.6315046,0.7,0
男,硕士研究生,其他,学习进修,是,1000,77.18,6,179.53,1077.18,39,3000,3231.54,0,18,0,0,0,1
男,专科,其他,创业,是,1000,77.18,6,179.53,1077.18,7,3000,0,7988.25,0,18,0.7269811,1,0
男,专科,重点高校,创业,是,1000,77.18,6,179.53,1077.18,42,0,0,0,0,0,0,0,1
男,专科,重点高校,创业,是,1000,77.18,6,179.53,1077.18,34,5000,8424.05,0,30,0,0,0,1
男,专科,其他,购物,是,1000,77.18,6,179.53,1077.18,23,0,0,0,0,0,0,0,1
女,专科,其他,创业,是,1000,77.18,6,179.53,1077.18,52,3000,0,7962.63,0,18,0.72634304,1,0
男,本科,其他,学习进修,是,1000,77.18,6,179.53,1077.18,4,3000,4387.02,0,18,0,0,0,1
男,专科,其他,生活开销,是,1000,77.18,6,179.53,1077.18,3,3000,179.54,6535.33,1,17,0.6853806,0.9444444,0
女,本科,其他,购物,是,1000,77.18,6,179.53,1077.18,35,3000,4206.59,0,18,0,0,0,1
男,本科,其他,购物,是,1000,77.18,6,179.53,1077.18,8,3000,4204.28,0,18,0,0,0,1
男,本科,其他,生活开销,是,1000,77.18,6,179.53,1077.18,28,5000,1974.94,7240.62,11,19,0.59152395,0.6333333,0
男,专科,其他,创业,是,1000,77.18,6,179.53,1077.18,22,3000,0,8146.38,0,18,0.73085433,1,0
男,专科,其他,旅游,是,1000,77.18,6,179.53,1077.18,48,0,0,0,0,0,0,0,1
男,专科,其他,旅游,是,1000,77.18,6,179.53,1077.18,16,4000,4005.46,3662.97,14,10,0.47800916,0.41666666,0
男,专科,其他,学习进修,是,1000,33.53,3,344.51,1033.53,6,1000,0,2960.41,0,3,0.7475009,0.99999994,0
男,专科,其他,学习进修,是,1000,77.18,6,179.53,1077.18,14,0,0,0,0,0,0,0,1
男,本科,其他,付房租,是,1000,77.18,6,179.53,1077.18,30,1000,1077.18,0,6,0,0,0,1
女,本科,其他,创业,是,1000,77.18,6,179.53,1077.18,35,1000,1428.63,0,6,0,0,0,1
男,本科,其他,创业,是,1000,77.18,6,179.53,1077.18,11,1000,879.79,596.86,4,2,0.373771,0.3333333,0
男,专科,其他,学习进修,是,1000,77.18,6,179.53,1077.18,17,0,0,0,0,0,0,0,1
男,本科,其他,创业,是,1000,77.18,6,179.53,1077.18,37,4000,8310.36,0,24,0,0,0,1
男,专科,其他,旅游,是,1000,77.18,6,179.53,1077.18,4,2000,3480.95,0,12,0,0,0,1
男,专科,其他,旅游,是,1000,43.64,3,347.88,1043.64,16,3456.38,3723.34,0,24,0,0,0,1
男,硕士研究生,其他,学习进修,是,1000,77.18,6,179.53,1077.18,4,1000,0,2689.52,0,6,0.728962,1,0
男,专科,其他,购物,是,1000,77.18,6,179.53,1077.18,3,0,0,0,0,0,0,0,0
男,专科,其他,购物,是,1000,59.12,6,176.52,1059.119,14,0,0,0,0,0,0,0,1
男,专科,其他,购物,是,1000,77.18,6,179.53,1077.18,15,0,0,0,0,0,0,0,0
男,专科,其他,创业,是,1000,77.18,6,179.53,1077.18,64,1000,0,2593.74,0,6,0.72173834,1,0
男,本科,其他,旅游,是,1000,77.18,6,179.53,1077.18,23,3000,1077.22,4789.69,6,12,0.61487556,0.6666667,0
女,专科,其他,购物,是,1000,77.18,6,179.53,1077.18,15,0,0,0,0,0,0,0,1
女,专科,其他,旅游,是,1000,77.18,6,179.53,1077.18,10,2000,3941.28,0,12,0,0,0,1
男,本科,其他,学习进修,是,1000,77.18,6,179.53,1077.18,15,0,0,0,0,0,0,0,1
男,本科,其他,购物,是,1000,77.18,6,179.53,1077.18,9,1000,1289.52,0,6,0,0,0,1
男,本科,其他,购物,是,1000,77.18,6,179.53,1077.18,14,1000,1077.24,0,6,0,0,0,1
男,专科,其他,生活开销,是,1000,77.18,6,179.53,1077.18,39,2000,1502.08,1426.38,8,4,0.4162936,0.33333334,0
男,专科,其他,购物,是,1000,77.18,6,179.53,1077.18,23,5000,1616.8,8338.78,9,21,0.6251531,0.7,0
男,本科,其他,创业,是,1000,77.18,6,179.53,1077.18,41,4000,5570.25,0,24,0,0,0,1
男,本科,其他,购物,是,1000,77.18,6,179.53,1077.18,6,0,0,0,0,0,0,0,1
男,本科,其他,购物,是,1000,77.18,6,179.53,1077.18,12,5000,5752.33,0,30,0,0,0,1
男,专科,其他,创业,是,1000,77.18,6,179.53,1077.18,12,3000,3395.81,1451.94,14,4,0.32613647,0.22222222,1
男,本科,其他,创业,是,1000,77.18,6,179.53,1077.18,2,5000,5387.42,0,30,0,0,0,1
女,专科,其他,创业,是,1000,77.18,6,179.53,1077.18,12,0,0,0,0,0,0,0,1
女,本科,其他,购物,是,1000,77.18,6,179.53,1077.18,6,0,0,0,0,0,0,0,1
女,本科,其他,生活开销,是,1000,77.18,6,179.53,1077.18,21,1000,1077.18,0,6,0,0,0,1
女,本科,其他,创业,是,1000,65.95,5,213.19,1065.95,47,2000,0,5562.23,0,8,0.73552775,1,0
男,本科,其他,购物,是,1000,77.18,6,179.53,1077.18,2,5000,1646.26,10029.46,6,24,0.6673201,0.8,0
女,专科,其他,创业,是,1000,77.18,6,179.53,1077.18,38,4000,0,10523.44,0,24,0.72458315,1,0
女,本科,其他,创业,是,1000,77.18,6,179.53,1077.18,53,3000,0,7896.55,0,18,0.7246835,1,0
男,本科,其他,购物,是,1000,77.18,6,179.53,1077.18,4,0,0,0,0,0,0,0,1
男,本科,其他,旅游,是,1000,77.18,6,179.53,1077.18,13,1000,1429.52,0,6,0,0,0,1
男,专科,其他,购物,是,1000,77.18,6,179.53,1077.18,8,5000,0,12684.33,0,30,0.7172638,1,0
男,专科,其他,购物,是,1000,77.18,6,179.53,1077.18,2,0,0,0,0,0,0,0,1
男,本科,重点高校,学习进修,是,1000,77.18,6,179.53,1077.18,39,0,0,0,0,0,0,0,1
男,专科,其他,旅游,是,1000,77.18,6,179.53,1077.18,36,4000,824.16,8628.48,3,21,0.6832556,0.875,0
男,专科,其他,购物,是,1000,77.18,6,179.53,1077.18,26,5000,0,12721.43,0,30,0.71785575,1,0
男,本科,其他,购物,是,1000,77.18,6,179.53,1077.18,16,2000,2154.48,0,12,0,0,0,1
男,专科,其他,创业,是,600,46.32,6,107.72,646.32,3,1600,1724.06,0,18,0,0,0,1
男,专科,其他,创业,是,1000,77.18,6,179.53,1077.18,2,4200,4526.25,0,36,0,0,0,1
男,专科,其他,生活开销,是,1000,77.18,6,179.53,1077.18,5,0,0,0,0,0,0,0,1
女,本科,其他,旅游,是,1000,77.18,6,179.53,1077.18,8,2000,2154.36,0,12,0,0,0,1
女,专科,其他,旅游,是,1000,54.76,4,263.69,1054.76,80,5000,3705.49,3390.74,15,7,0.404105,0.3181818,0
男,本科,其他,创业,是,1000,77.18,6,179.53,1077.18,12,5000,5386.96,0,30,0,0,0,1
女,本科,其他,学习进修,是,1000,77.18,6,179.53,1077.18,15,2000,2421.92,0,12,0,0,0,1
男,本科,其他,旅游,是,1000,77.18,6,179.53,1077.18,2,0,0,0,0,0,0,0,0
男,本科,其他,购物,是,1000,77.18,6,179.53,1077.18,4,0,0,0,0,0,0,0,1
女,本科,其他,购物,是,1000,54.76,4,263.69,1054.76,21,5000,0,13206.11,0,20,0.72536695,1,0
男,专科,其他,创业,是,1000,77.18,6,179.53,1077.18,6,3000,4189.75,326.38,17,1,0.09811868,0.055555556,1
男,本科,其他,创业,是,1000,77.18,6,179.53,1077.18,63,0,0,0,0,0,0,0,0
男,专科,其他,学习进修,是,1000,77.18,6,179.53,1077.18,66,0,0,0,0,0,0,0,0
男,本科,其他,购物,是,1000,77.18,6,179.53,1077.18,4,0,0,0,0,0,0,0,0
男,本科,其他,购物,是,500,10.83,1,510.83,510.83,6,5500,5971.98,1381.22,12,4,0.20072313,0.25,1
男,本科,其他,付房租,是,1000,21.67,1,1021.67,1021.67,6,6000,6484.55,1381.22,13,4,0.18712625,0.23529412,1
男,本科,其他,创业,是,1000,43.64,3,347.88,1043.64,14,0,0,0,0,0,0,0,1
男,专科,其他,购物,是,1000,77.18,6,179.53,1077.18,4,2000,2564.31,0,12,0,0,0,1
男,本科,重点高校,购物,是,1000,77.18,6,179.53,1077.18,10,6000,6463.2,0,36,0,0,0,1
男,本科,重点高校,购物,是,1000,77.18,6,179.53,1077.18,10,9000,9694.74,0,54,0,0,0,1
女,本科,其他,学习进修,是,1000,77.18,6,179.53,1077.18,21,5000,5385.9,0,30,0,0,0,1
男,专科,其他,购物,是,1000,77.18,6,179.53,1077.18,41,0,0,0,0,0,0,0,1
男,专科,其他,学习进修,是,1000,77.18,6,179.53,1077.18,52,2000,1918.75,659.68,10,2,0.24802984,0.16666667,0
男,专科,其他,生活开销,是,1000,77.18,6,179.53,1077.18,23,3000,2872.54,554.82,16,2,0.15607542,0.11111111,0
男,专科,其他,旅游,是,1000,77.18,6,179.53,1077.18,22,3000,718.16,5460.02,4,14,0.6453909,0.7777778,0
女,本科,其他,创业,是,1000,77.18,6,179.53,1077.18,14,1000,1350.05,0,6,0,0,0,1
男,本科,其他,创业,是,1000,77.18,6,179.53,1077.18,25,1000,1134.8,0,6,0,0,0,1
女,本科,其他,学习进修,是,1000,77.18,6,179.53,1077.18,6,1000,0,2499.36,0,6,0.71423346,1,0
男,专科,其他,购物,是,1000,77.18,6,179.53,1077.18,37,1000,0,2434.51,0,6,0.7088376,1,0
男,硕士研究生,重点高校,学习进修,是,1000,59.12,6,176.52,1059.119,6,7000,7785.27,0,42,0,0,0,1
女,本科,其他,购物,是,1000,77.18,6,179.53,1077.18,16,3000,1416.81,3801.08,7,11,0.55889356,0.6111111,0
男,专科,其他,生活开销,是,1000,43.64,3,347.88,1043.64,4,1000,1098.66,256.22,5,1,0.20396109,0.16666666,0
男,本科,其他,购物,是,1000,77.18,6,179.53,1077.18,32,3000,0,7250.61,0,18,0.7073345,1,0
男,本科,其他,购物,是,1000,77.18,6,179.53,1077.18,7,3000,3308.59,0,18,0,0,0,1
男,本科,其他,购物,是,1000,77.18,6,179.53,1077.18,46,1000,1562.76,0,6,0,0,0,0
男,本科,重点高校,旅游,是,1000,77.18,6,179.53,1077.18,120,0,0,0,0,0,0,0,1
男,本科,重点高校,旅游,是,1000,77.18,6,179.53,1077.18,120,2000,2209.54,0,12,0,0,0,1
男,本科,其他,创业,是,1000,77.18,6,179.53,1077.18,11,2000,2154.36,0,12,0,0,0,1
女,本科,其他,创业,是,1000,77.18,6,179.53,1077.18,25,4000,0,10308,0,24,0.7204361,1,0
男,本科,其他,创业,是,1000,77.18,6,179.53,1077.18,39,4000,0,8562.79,0,24,0.6815994,1,0
男,本科,其他,购物,是,1000,77.18,6,179.53,1077.18,7,1000,1065,0,1,0,0,0,1
女,本科,其他,旅游,是,1000,43.64,3,347.88,1043.64,8,1000,718.12,673.97,4,2,0.40261772,0.3333333,1
男,本科,其他,创业,是,1000,77.18,6,179.53,1077.18,14,2000,2154.55,0,12,0,0,0,1
男,专科,其他,生活开销,是,1000,77.18,6,179.53,1077.18,5,4000,3758.05,928.03,16,3,0.18831663,0.15789473,0
男,专科,其他,购物,是,1000,77.18,6,179.53,1077.18,23,0,0,0,0,0,0,0,0
男,本科,其他,创业,是,1000,77.18,6,179.53,1077.18,120,4000,4308.72,0,24,0,0,0,1
女,本科,其他,创业,是,1000,77.18,6,179.53,1077.18,34,2000,2213.21,0,12,0,0,0,1
女,本科,其他,旅游,是,1000,77.18,6,179.53,1077.18,4,0,0,0,0,0,0,0,1
男,专科,其他,旅游,是,1000,77.18,6,179.53,1077.18,50,2000,2752.78,0,12,0,0,0,1
男,本科,其他,学习进修,是,1000,65.12,6,177.52,1065.119,19,0,0,0,0,0,0,0,1
男,专科,其他,创业,是,1000,43.64,3,347.88,1043.64,2,9000,9502.63,1144.82,25,2,0.11284774,0.074074075,0
男,专科,其他,创业,是,1000,43.64,3,347.88,1043.64,2,11000,10836.96,2942.31,28,5,0.21103461,0.15151516,0
男,专科,其他,创业,是,1000,55.65,5,211.13,1055.65,11,2000,2110.12,0,11,0,0,0,1
男,专科,其他,购物,是,1000,77.18,6,179.53,1077.18,2,100,215.74,0,6,0,0,0,0
男,本科,其他,购物,是,1000,77.18,6,179.53,1077.18,54,4000,4317.12,0,24,0,0,0,1
男,专科,其他,旅游,是,1000,77.18,6,179.53,1077.18,19,3000,3627.03,0,18,0,0,0,0
男,专科,其他,创业,是,1000,43.64,3,347.88,1043.64,10,5000,1464.85,11834.88,2,13,0.70299757,0.8666667,0
男,本科,其他,购物,是,1000,77.18,6,179.53,1077.18,2,2000,0,5175.36,0,12,0.72126836,1,0
男,本科,其他,创业,是,1000,77.18,6,179.53,1077.18,10,2000,2154.95,0,12,0,0,0,1
男,专科,其他,购物,是,1000,77.18,6,179.53,1077.18,39,4000,718.2,7389.12,4,20,0.6487876,0.8333333,0
女,本科,重点高校,购物,是,1000,77.18,6,179.53,1077.18,21,1000,1077.18,0,6,0,0,0,1
男,本科,其他,学习进修,是,1000,77.18,6,179.53,1077.18,8,4000,3590.98,1123,20,4,0.2192075,0.16666667,0
女,本科,其他,学习进修,是,1000,43.64,3,347.88,1043.64,32,2000,0,5289.44,0,6,0.7256305,1,0
男,本科,其他,旅游,是,1000,47.18,6,174.53,1047.18,4,3000,3141.6,0,18,0,0,0,1
女,本科,其他,购物,是,1000,47.18,6,174.53,1047.18,50,1000,1047.18,0,6,0,0,0,1
女,本科,重点高校,购物,是,1000,47.18,6,174.53,1047.18,66,1000,1047.18,0,6,0,0,0,1
男,本科,其他,购物,是,1000,47.18,6,174.53,1047.18,42,0,0,0,0,0,0,0,1
女,本科,其他,购物,是,1000,47.18,6,174.53,1047.18,6,2000,2094.36,0,12,0,0,0,1
女,本科,重点高校,付房租,是,1000,47.18,6,174.53,1047.18,80,3000,3141.54,0,18,0,0,0,1
女,本科,重点高校,旅游,是,1000,47.18,6,174.53,1047.18,9,2000,2094.36,0,12,0,0,0,1
男,本科,其他,购物,是,1000,47.18,6,174.53,1047.18,15,2000,2094.36,0,12,0,0,0,1
男,本科,其他,学习进修,是,1000,47.18,6,174.53,1047.18,38,2000,2094.36,0,12,0,0,0,1
男,本科,其他,创业,是,1000,47.18,6,174.53,1047.18,12,4000,4188.72,0,24,0,0,0,1
女,本科,其他,生活开销,是,1000,47.18,6,174.53,1047.18,5,4000,4188.72,0,24,0,0,0,1
男,本科,其他,生活开销,是,1000,47.18,6,174.53,1047.18,4,3000,3141.54,0,18,0,0,0,1
男,本科,其他,付房租,是,1000,47.18,6,174.53,1047.18,58,2000,2094.36,0,12,0,0,0,1
男,本科,重点高校,创业,是,1000,47.18,6,174.53,1047.18,12,3000,3141.54,0,18,0,0,0,1
男,专科,其他,生活开销,是,1000,43.64,3,347.88,1043.64,40,2000,2335.28,0,6,0,0,0,1
男,本科,其他,学习进修,是,1000,59.12,6,176.52,1059.119,13,2000,2154.36,0,12,0,0,0,1
女,本科,其他,创业,是,1000,77.18,6,179.53,1077.18,68,0,0,0,0,0,0,0,1
男,本科,其他,购物,是,1000,43.64,3,347.88,1043.64,52,4000,6752.9,0,12,0,0,0,1
男,本科,其他,购物,是,1000,43.64,3,347.88,1043.64,52,5000,8648.87,0,15,0,0,0,1
男,本科,其他,购物,是,1000,77.18,6,179.53,1077.18,17,0,0,0,0,0,0,0,1
男,本科,其他,购物,是,1000,25.06,2,512.53,1025.06,14,0,0,0,0,0,0,0,1
男,本科,其他,创业,是,1000,77.18,6,179.53,1077.18,50,2000,2541.22,0,12,0,0,0,1
男,本科,其他,购物,是,1000,77.18,6,179.53,1077.18,10,2000,2154.54,0,12,0,0,0,1
男,本科,其他,学习进修,是,1000,77.18,6,179.53,1077.18,4,4000,0,9293.2,0,24,0.6990943,1,0
男,本科,其他,生活开销,是,1000,43.64,3,347.88,1043.64,27,1000,960.34,704.82,2,1,0.4134278,0.3333333,0
男,专科,其他,旅游,是,1000,77.18,6,179.53,1077.18,28,0,0,0,0,0,0,0,0
男,本科,重点高校,学习进修,是,1000,77.18,6,179.53,1077.18,19,4000,3591.93,1243.25,20,4,0.23711438,0.16666667,0
男,专科,其他,创业,是,1000,43.64,3,347.88,1043.64,76,2000,0,5312.59,0,6,0.7264991,1,0
男,本科,其他,旅游,是,1000,77.18,6,179.53,1077.18,24,1000,1077.18,0,6,0,0,0,1
女,本科,重点高校,学习进修,是,1000,59.12,6,176.52,1059.119,28,2000,2572.57,0,12,0,0,0,1
男,专科,其他,学习进修,是,1000,77.18,6,179.53,1077.18,16,1000,1077.18,0,6,0,0,0,1
男,本科,其他,学习进修,是,1000,77.18,6,179.53,1077.18,15,0,0,0,0,0,0,0,1
女,本科,重点高校,付房租,是,1000,77.18,6,179.53,1077.18,17,0,0,0,0,0,0,0,1
女,本科,重点高校,购物,是,1000,65.95,5,213.19,1065.95,13,2000,2323.79,0,11,0,0,0,1
男,本科,其他,购物,是,1000,59.12,6,176.52,1059.119,9,0,0,0,0,0,0,0,0
女,本科,其他,创业,是,1000,43.64,3,347.88,1043.64,83,0,0,0,0,0,0,0,0
男,本科,重点高校,付房租,是,1000,77.18,6,179.53,1077.18,17,1000,1077.3,0,6,0,0,0,1
男,专科,其他,创业,是,1000,43.64,3,347.88,1043.64,2,1000,0,2743.06,0,3,0.7328389,0.99999994,0
男,专科,其他,学习进修,是,1000,77.18,6,179.53,1077.18,50,2000,0,4605.46,0,12,0.6972202,1,0
女,专科,其他,创业,是,1000,77.18,6,179.53,1077.18,50,2000,1256.93,1494.98,7,5,0.42775065,0.41666666,0
女,专科,其他,创业,是,1000,77.18,6,179.53,1077.18,18,3000,179.92,5919.39,1,17,0.66365415,0.9444444,0
女,本科,其他,学习进修,是,1000,77.18,6,179.53,1077.18,26,2000,1781.78,842.85,9,3,0.29648066,0.25,0
女,硕士研究生,重点高校,其他,是,508.51,22.19,3,176.9,530.7,0,5000,444.62,11855.02,1,8,0.70335245,0.8888889,0
女,专科,其他,创业,是,1000,77.18,6,179.53,1077.18,145,4000,0,8536.77,0,24,0.68093854,1,0
女,专科,其他,创业,是,1000,77.18,6,179.53,1077.18,125,5000,0,10671.32,0,30,0.6809458,1,0
女,专科,其他,创业,是,1000,77.18,6,179.53,1077.18,116,1000,0,2134.29,0,6,0.6809485,1,0
男,专科,其他,购物,是,1000,59.12,6,176.52,1059.119,3,1000,176.53,1531.66,1,5,0.6050022,0.8333333,0
男,专科,其他,学习进修,是,1000,43.64,3,347.88,1043.64,33,0,0,0,0,0,0,0,1
男,专科,其他,学习进修,是,1000,43.64,3,347.88,1043.64,33,1000,1496.95,0,3,0,0,0,1
男,本科,其他,社交娱乐,是,1000,77.18,6,179.53,1077.18,4,3000,4654.98,499.2,16,2,0.14266118,0.11111111,0
男,本科,其他,创业,是,1000,65.95,5,213.19,1065.95,75,5000,2367.33,5942.02,10,15,0.543046,0.6,0
男,专科,其他,创业,是,1000,43.64,3,347.88,1043.64,37,3000,1043.99,4600.56,3,6,0.60529226,0.6666667,0
男,本科,其他,创业,是,1000,77.18,6,179.53,1077.18,28,0,0,0,0,0,0,0,0
男,硕士研究生,其他,旅游,是,1000,43.64,3,347.88,1043.64,4,4000,5785.07,1587.16,16,2,0.28407276,0.11111111,0
男,本科,其他,生活开销,是,1000,43.64,3,347.88,1043.64,34,3000,0,7880.91,0,9,0.72428775,1,0
男,硕士研究生,重点高校,其他,是,446.81,9.68,1,456.49,456.49,0,529.79,0,1461.33,0,2,0.7339236,0.99999994,0
女,专科,其他,创业,是,1000,77.18,6,179.53,1077.18,39,1000,0,2302.73,0,6,0.69722015,1,0
男,本科,其他,购物,是,1000,77.18,6,179.53,1077.18,6,4000,4472.73,0,24,0,0,0,1
男,专科,其他,创业,是,1000,77.18,6,179.53,1077.18,83,1000,1842.8,0,6,0,0,0,1
男,专科,其他,购物,是,1000,77.18,6,179.53,1077.18,15,2000,1162.6,1940.51,6,6,0.4924515,0.5,0
男,本科,其他,学习进修,是,1000,43.64,3,347.88,1043.64,33,3000,0,8068.09,0,9,0.7289505,1,0
男,专科,其他,创业,是,1000,43.64,3,347.88,1043.64,15,4000,1079.21,7732.04,2,10,0.6590533,0.8333333,0
男,专科,其他,创业,是,1000,43.64,3,347.88,1043.64,15,5000,1079.21,10180.09,2,13,0.6706212,0.8666667,0
男,专科,其他,学习进修,是,1000,43.64,3,347.88,1043.64,16,3000,3132.03,0,9,0,0,0,0
男,专科,其他,创业,是,1000,77.18,6,179.53,1077.18,41,2000,0,4732.4,0,12,0.70292914,1,0
男,本科,其他,生活开销,是,600,46.32,6,107.72,646.32,6,1000,1077.18,0,6,0,0,0,1
男,本科,其他,购物,是,1000,59.12,6,176.52,1059.119,11,0,0,0,0,0,0,0,0
男,本科,其他,创业,是,1000,77.18,6,179.53,1077.18,31,3000,0,6084.54,0,18,0.66976863,1,0
男,专科,其他,创业,是,1000,77.18,6,179.53,1077.18,29,1000,1602.88,0,6,0,0,0,1
男,专科,重点高校,购物,是,1000,77.18,6,179.53,1077.18,2,2000,0,4582.72,0,12,0.6961742,1,0
男,专科,其他,学习进修,是,1000,43.64,3,347.88,1043.64,4,5000,0,11714.72,0,15,0.70086247,1,0
男,本科,其他,购物,是,1000,77.18,6,179.53,1077.18,9,4000,179.53,8135.25,1,23,0.6703817,0.9583333,0
男,专科,其他,创业,是,1000,43.64,3,347.88,1043.64,65,0,0,0,0,0,0,0,0
男,本科,其他,学习进修,是,1000,77.18,6,179.53,1077.18,55,0,0,0,0,0,0,0,0
男,本科,其他,购物,是,1000,77.18,6,179.53,1077.18,20,3000,0,6285.63,0,18,0.6769201,1,0
女,专科,其他,付房租,是,1000,77.18,6,179.53,1077.18,13,0,0,0,0,0,0,0,1
男,专科,其他,购物,是,1000,43.64,3,347.88,1043.64,12,5000,6908.33,0,30,0,0,0,1
男,本科,其他,创业,是,1000,77.18,6,179.53,1077.18,54,1000,1077.18,0,6,0,0,0,1
男,本科,其他,购物,是,1000,33.53,3,344.51,1033.53,9,1000,824.83,625.34,2,1,0.3847441,0.3333333,0
女,本科,其他,创业,是,1000,77.18,6,179.53,1077.18,8,0,0,0,0,0,0,0,0
男,本科,其他,购物,是,1000,77.18,6,179.53,1077.18,30,0,0,0,0,0,0,0,1
男,本科,其他,购物,是,1000,77.18,6,179.53,1077.18,25,3000,3231.54,0,18,0,0,0,1
女,专科,其他,购物,是,1000,43.64,3,347.88,1043.64,56,2000,0,5209.63,0,6,0.72259325,1,0
男,本科,其他,创业,是,1000,77.18,6,179.53,1077.18,9,1000,1077.18,0,6,0,0,0,1
男,本科,其他,创业,是,1000,77.18,6,179.53,1077.18,4,2000,2154.36,0,12,0,0,0,1
女,本科,其他,创业,是,1000,77.18,6,179.53,1077.18,63,3000,622.63,5214.46,3,15,0.63479036,0.8333333,0
男,专科,其他,购物,是,1000,77.18,6,179.53,1077.18,20,1000,0,2448.05,0,3,0.709981,0.99999994,0
女,本科,其他,创业,是,1000,77.18,6,179.53,1077.18,43,4000,0,8424.16,0,24,0.67804664,1,0
男,专科,重点高校,创业,是,1000,77.18,6,179.53,1077.18,12,2000,360.01,3655.4,2,10,0.6463557,0.8333333,0
男,专科,其他,购物,是,1000,77.18,6,179.53,1077.18,22,1000,840.96,533.85,4,2,0.34804577,0.3333333,0
女,专科,其他,学习进修,是,1000,77.18,6,179.53,1077.18,7,5000,899.56,9197.18,5,25,0.6478174,0.8333333,0
男,本科,其他,创业,是,1000,77.18,6,179.53,1077.18,56,4000,4308.91,0,24,0,0,0,1
男,本科,重点高校,学习进修,是,1000,77.18,6,179.53,1077.18,2,4000,4308.78,0,24,0,0,0,1
女,本科,其他,旅游,是,1000,77.18,6,179.53,1077.18,10,4000,4308.84,0,24,0,0,0,1
男,本科,其他,付房租,是,1000,77.18,6,179.53,1077.18,24,5000,3663.03,5244.02,15,15,0.5119104,0.5,0
男,本科,其他,创业,是,1000,77.18,6,179.53,1077.18,27,0,0,0,0,0,0,0,1
女,本科,其他,创业,是,1000,77.18,6,179.53,1077.18,14,2000,2154.86,0,12,0,0,0,1
女,本科,其他,创业,是,1000,21.67,1,1021.67,1021.67,27,5000,0,11994.75,0,13,0.7057915,1,0
男,本科,其他,生活开销,是,1000,77.18,6,179.53,1077.18,10,2000,2142.37,0,7,0,0,0,1
女,本科,其他,学习进修,是,1000,77.18,6,179.53,1077.18,9,0,0,0,0,0,0,0,0
男,专科,其他,创业,是,1000,77.18,6,179.53,1077.18,27,3000,0,6172.92,0,18,0.6729504,1,0
女,专科,其他,学习进修,是,1000,77.18,6,179.53,1077.18,19,3000,3716.52,0,18,0,0,0,1
男,本科,其他,购物,是,1000,77.18,6,179.53,1077.18,2,3000,3233.12,0,18,0,0,0,1
男,本科,其他,学习进修,是,1000,77.18,6,179.53,1077.18,13,5000,0,10460.16,0,30,0.67658806,1,0
男,专科,其他,学习进修,是,1000,43.64,3,347.88,1043.64,29,1000,0,2531.65,0,3,0.7168462,0.99999994,0
女,本科,其他,旅游,是,1000,77.18,6,179.53,1077.18,10,3000,2390.29,1657.58,12,6,0.35588866,0.33333334,0
男,本科,其他,旅游,是,1000,77.18,6,179.53,1077.18,35,1000,897.7,241.88,5,1,0.19476922,0.16666666,0
男,本科,其他,旅游,是,1000,77.18,6,179.53,1077.18,35,3000,2693.24,724.34,15,3,0.19448815,0.16666667,0
男,专科,其他,学习进修,是,1000,77.18,6,179.53,1077.18,101,0,0,0,0,0,0,0,1
男,本科,其他,创业,是,500,38.6199,6,89.77,538.62,121,3000,3234.82,0,36,0,0,0,1
男,本科,其他,创业,是,500,38.6199,6,89.77,538.62,121,4000,4312.46,0,48,0,0,0,1
男,本科,其他,创业,是,1000,77.18,6,179.53,1077.18,16,3000,2264.9,1690.69,12,6,0.36043525,0.33333334,0
男,本科,其他,旅游,是,1000,77.18,6,179.53,1077.18,42,0,0,0,0,0,0,0,1
男,专科,其他,旅游,是,1000,77.18,6,179.53,1077.18,5,0,0,0,0,0,0,0,0
女,专科,其他,付房租,是,1000,77.18,6,179.53,1077.18,64,3000,3231.54,0,18,0,0,0,1
男,本科,其他,购物,是,1000,77.18,6,179.53,1077.18,12,4000,3591.74,961.03,20,4,0.19371583,0.16666667,0
男,本科,其他,购物,是,1000,77.18,6,179.53,1077.18,17,1000,1272.72,0,6,0,0,0,1
女,专科,其他,创业,是,1000,77.18,6,179.53,1077.18,39,3000,1077.83,3614.62,6,12,0.5464592,0.6666667,0
男,本科,其他,创业,是,1000,77.18,6,179.53,1077.18,2,3000,3779.01,0,18,0,0,0,1
男,本科,其他,购物,是,1000,21.67,1,1021.67,1021.67,7,6000,0,11899.77,0,8,0.66480017,1,0
女,本科,其他,付房租,是,1000,77.18,6,179.53,1077.18,16,0,0,0,0,0,0,0,0
女,专科,其他,旅游,是,1000,77.18,6,179.53,1077.18,36,0,0,0,0,0,0,0,0
女,专科,其他,旅游,是,1000,77.18,6,179.53,1077.18,41,5000,1982.7,7859.16,7,23,0.61117214,0.76666665,0
女,专科,其他,学习进修,是,1000,43.64,3,347.88,1043.64,36,5000,0,11980.75,0,15,0.70554894,1,0
男,本科,其他,生活开销,是,1000,77.18,6,179.53,1077.18,41,1000,718.19,858.98,3,3,0.46207058,0.5,0
男,本科,其他,购物,是,1000,43.64,3,347.88,1043.64,66,4000,6361.53,0,12,0,0,0,0
男,本科,其他,社交娱乐,是,1000,59.12,6,176.52,1059.119,28,0,0,0,0,0,0,0,1
男,本科,其他,创业,是,1000,43.64,3,347.88,1043.64,13,2000,2130,0,2,0,0,0,1
男,本科,其他,学习进修,是,1000,43.64,3,347.88,1043.64,24,0,0,0,0,0,0,0,0
男,专科,其他,学习进修,是,1000,77.18,6,179.53,1077.18,48,0,0,0,0,0,0,0,1
男,专科,其他,学习进修,是,1000,43.64,3,347.88,1043.64,4,3000,4734.41,0,9,0,0,0,1
女,本科,其他,旅游,是,1000,77.18,6,179.53,1077.18,10,5000,6810.48,0,30,0,0,0,1
男,本科,其他,社交娱乐,是,1000,65.95,5,213.19,1065.95,8,4000,4297.96,0,23,0,0,0,1
女,专科,其他,创业,是,1000,43.64,3,347.88,1043.64,23,2000,2087.28,0,6,0,0,0,1
男,本科,其他,购物,是,1000,77.18,6,179.53,1077.18,3,0,0,0,0,0,0,0,0
男,本科,其他,学习进修,是,1000,77.18,6,179.53,1077.18,21,5000,5387.8,0,30,0,0,0,1
男,专科,其他,学习进修,是,1000,43.64,3,347.88,1043.64,2,4000,0,9134.5,0,12,0.69545853,1,0
男,本科,其他,购物,是,1000,77.18,6,179.53,1077.18,5,1000,359.08,1209.22,2,4,0.54735154,0.6666666,0
男,专科,其他,创业,是,1000,77.18,6,179.53,1077.18,41,3000,2318.55,1601.59,12,6,0.34805143,0.33333334,0
男,专科,其他,学习进修,是,1000,32.6199,2,516.3099,1032.619,12,2000,0,4619.62,0,4,0.6978679,1,0
男,本科,其他,创业,是,1000,77.18,6,179.53,1077.18,247,4000,1109.91,6774.34,4,20,0.6287476,0.8333333,0
男,本科,其他,旅游,是,1000,65.95,5,213.19,1065.95,29,2000,213.42,3548.29,1,9,0.6395286,0.9,0
男,专科,其他,创业,是,1000,77.18,6,179.53,1077.18,35,1000,897.65,235.42,5,1,0.19055867,0.16666666,0
男,本科,其他,创业,是,1000,77.18,6,179.53,1077.18,18,4000,0,8020.53,0,24,0.667236,1,0
男,专科,其他,创业,是,1000,77.18,6,179.53,1077.18,45,1000,930.85,553.77,4,2,0.3564041,0.3333333,0
女,本科,其他,学习进修,是,1000,47.18,6,174.53,1047.18,16,4000,4188.72,0,24,0,0,0,1
男,本科,其他,学习进修,是,1000,47.18,6,174.53,1047.18,4,1000,1047.18,0,6,0,0,0,1
男,本科,其他,购物,是,1000,47.18,6,174.53,1047.18,28,1000,1047.18,0,6,0,0,0,1
男,本科,其他,生活开销,是,1000,47.18,6,174.53,1047.18,15,4000,4188.72,0,24,0,0,0,1
男,本科,其他,购物,是,1000,47.18,6,174.53,1047.18,33,4000,4188.84,0,24,0,0,0,1
男,本科,重点高校,付房租,是,1000,47.18,6,174.53,1047.18,9,3000,3141.48,0,18,0,0,0,1
男,本科,其他,创业,是,1000,47.18,6,174.53,1047.18,22,1000,1047.18,0,6,0,0,0,1
女,本科,重点高校,购物,是,1000,47.18,6,174.53,1047.18,2,4000,4188.96,0,24,0,0,0,1
男,本科,其他,购物,是,1000,47.18,6,174.53,1047.18,4,3000,2967.18,0,17,0,0,0,1
男,本科,其他,旅游,是,1000,21.67,1,1021.67,1021.67,21,7000,0,14243.79,0,7,0.67049193,1,0
男,本科,其他,学习进修,是,1000,65.95,5,213.19,1065.95,21,4000,2216.51,3898.32,9,11,0.49356318,0.55,0
男,本科,其他,学习进修,是,1000,77.18,6,179.53,1077.18,26,1000,1221.41,0,6,0,0,0,0
男,本科,其他,旅游,是,1000,43.64,3,347.88,1043.64,8,1000,0,1601.19,0,1,0.6155606,0.9999999,0
女,本科,其他,旅游,是,1000,43.64,3,347.88,1043.64,31,3000,4047.9,0,11,0,0,0,1
男,本科,其他,创业,是,1000,65.95,5,213.19,1065.95,19,3000,0,6053.16,0,15,0.668624,1,0
女,本科,其他,学习进修,是,1000,77.18,6,179.53,1077.18,29,5000,0,9613.35,0,30,0.6578471,1,0
男,专科,其他,学习进修,是,1000,43.64,3,347.88,1043.64,20,1000,0,2129.51,0,3,0.68046117,0.99999994,0
女,本科,其他,生活开销,是,1000,77.18,6,179.53,1077.18,25,1000,1077.24,0,6,0,0,0,1
男,本科,其他,学习进修,是,1000,77.18,6,179.53,1077.18,14,1000,1147.95,0,6,0,0,0,1
男,本科,其他,购物,是,1000,77.18,6,179.53,1077.18,10,1000,1077.37,0,6,0,0,0,1
男,本科,其他,社交娱乐,是,1000,77.18,6,179.53,1077.18,27,4000,4532.52,0,24,0,0,0,1
男,专科,其他,学习进修,是,1000,32.6199,2,516.3099,1032.619,13,3000,0,6502.04,0,7,0.6842783,1,0
男,专科,其他,购物,是,1000,77.18,6,179.53,1077.18,4,6000,6102.66,0,20,0,0,0,1
男,专科,其他,旅游,是,1000,43.64,3,347.88,1043.64,32,1000,0,2124.02,0,3,0.67989963,0.99999994,0
男,本科,其他,创业,否,1000,21.67,1,1021.67,1021.67,10,0,0,0,0,0,0,0,1
男,硕士研究生,重点高校,购物,是,1000,21.67,1,1021.67,1021.67,2,0,0,0,0,0,0,0,1
男,本科,其他,购物,是,1000,21.67,1,1021.67,1021.67,2,6000,0,10952.16,0,6,0.6460628,1,0
男,本科,其他,创业,是,1000,21.67,1,1021.67,1021.67,17,0,0,0,0,0,0,0,0
男,本科,其他,购物,是,1000,43.64,3,347.88,1043.64,7,2000,2089.5,0,6,0,0,0,1
男,本科,其他,购物,是,1000,21.67,1,1021.67,1021.67,9,1000,1022.76,0,1,0,0,0,1
男,本科,其他,生活开销,否,1000,21.67,1,1021.67,1021.67,24,1000,1021.67,0,1,0,0,0,1
女,专科,其他,付房租,是,1000,21.67,1,1021.67,1021.67,31,0,0,0,0,0,0,0,0
男,本科,其他,创业,是,1000,21.67,1,1021.67,1021.67,5,4000,5522.31,0,4,0,0,0,1
女,本科,其他,创业,是,1000,43.64,3,347.88,1043.64,29,4000,4272.18,0,9,0,0,0,1
女,本科,其他,学习进修,是,1000,21.67,1,1021.67,1021.67,13,1000,0,2000.88,0,1,0.66676444,0.9999999,0
男,专科,其他,创业,是,1000,21.67,1,1021.67,1021.67,17,3000,0,5910.73,0,3,0.6633272,0.99999994,0
男,专科,其他,购物,是,1000,21.67,1,1021.67,1021.67,3,4000,2920.82,3769.96,2,2,0.48519683,0.5,0
女,本科,其他,购物,是,1000,43.64,3,347.88,1043.64,40,6000,0,10684.74,0,18,0.64039,1,0
男,本科,其他,创业,是,1000,21.67,1,1021.67,1021.67,17,1000,1312.11,0,1,0,0,0,1
男,本科,其他,购物,是,1000,21.67,1,1021.67,1021.67,35,1000,0,1964.88,0,1,0.66271824,0.9999999,0
女,本科,其他,购物,是,1000,43.64,3,347.88,1043.64,2,0,0,0,0,0,0,0,1
女,硕士研究生,其他,创业,是,1000,43.64,3,347.88,1043.64,18,0,0,0,0,0,0,0,1
女,本科,其他,购物,是,1000,43.64,3,347.88,1043.64,5,2000,2087.28,0,6,0,0,0,1
女,本科,其他,学习进修,是,1000,21.67,1,1021.67,1021.67,29,0,0,0,0,0,0,0,1
男,专科,其他,购物,是,1000,21.67,1,1021.67,1021.67,15,1000,1021.67,0,1,0,0,0,1
男,专科,其他,旅游,是,780,22.5,2,401.25,802.5,24,0,0,0,0,0,0,0,0
女,本科,重点高校,学习进修,是,1000,77.18,6,179.53,1077.18,4,2000,2266.14,0,12,0,0,0,1
男,本科,其他,创业,是,1000,21.67,1,1021.67,1021.67,30,0,0,0,0,0,0,0,1
女,本科,其他,购物,是,2000,87.28,3,695.76,2087.28,20,2000,0,2828.17,0,1,0.58576435,0.9999999,0
女,本科,其他,购物,是,3000,65,1,3065,3065,8,0,0,0,0,0,0,0,1
女,本科,其他,旅游,是,3500,75.83,1,3575.83,3575.83,22,0,0,0,0,0,0,0,1
男,专科,其他,生活开销,是,6000,115,1,6115,6115,16,5000,5325,0,1,0,0,0,1
